palabra,frec_desastre,frec_normal,P(w|desastre),P(w|no_desastre),log_odds
northern,64,0,0.0015374062773480925,2.0771451716760485e-05,4.3042725096698495
legionnaire,62,0,0.001490101468814305,2.0771451716760485e-05,4.273019966165745
debris,50,0,0.0012062726176115801,2.0771451716760485e-05,4.061710872498538
migrant,48,0,0.0011589678090777927,2.0771451716760485e-05,4.021705537884839
severe,47,0,0.001135315404810899,2.0771451716760485e-05,4.001086250682103
hiroshima,91,1,0.002176021192554223,4.154290343352097e-05,3.958526636263308
derailment,41,0,0.0009934009792095366,2.0771451716760485e-05,3.8675548580575807
investigator,37,0,0.0008987913621419617,2.0771451716760485e-05,3.7674713995005984
mosque,36,0,0.000875138957875068,2.0771451716760485e-05,3.740803152418437
detonated,31,0,0.0007568769365405994,2.0771451716760485e-05,3.5956211425739393
pkk,31,0,0.0007568769365405994,2.0771451716760485e-05,3.5956211425739393
bomber,61,1,0.0014664490645474113,4.154290343352097e-05,3.563872444259359
turkey,28,0,0.0006859197237399182,2.0771451716760485e-05,3.4971810697606864
israeli,28,0,0.0006859197237399182,2.0771451716760485e-05,3.4971810697606864
wildfire,80,2,0.0019158447456183922,6.231435515028146e-05,3.425722105778542
saipan,25,0,0.0006149625109392369,2.0771451716760485e-05,3.3879817777956944
typhoondevastated,25,0,0.0006149625109392369,2.0771451716760485e-05,3.3879817777956944
conclusively,25,0,0.0006149625109392369,2.0771451716760485e-05,3.3879817777956944
bombing,75,2,0.0017975827242839235,6.231435515028146e-05,3.362006291392434
bestnaijamade,24,0,0.0005913101066723432,2.0771451716760485e-05,3.3487610646424133
projected,24,0,0.0005913101066723432,2.0771451716760485e-05,3.3487610646424133
malaysia,49,1,0.0011826202133446864,4.154290343352097e-05,3.3487610646424133
manslaughter,23,0,0.0005676577024054495,2.0771451716760485e-05,3.307939070122158
village,23,0,0.0005676577024054495,2.0771451716760485e-05,3.307939070122158
trench,23,0,0.0005676577024054495,2.0771451716760485e-05,3.307939070122158
muslim,23,0,0.0005676577024054495,2.0771451716760485e-05,3.307939070122158
killed,93,3,0.0022233260010880106,8.308580686704194e-05,3.2868856609243258
refugio,22,0,0.0005440052981385558,2.0771451716760485e-05,3.2653794557033624
costlier,22,0,0.0005440052981385558,2.0771451716760485e-05,3.2653794557033624
feared,22,0,0.0005440052981385558,2.0771451716760485e-05,3.2653794557033624
spill,42,1,0.0010170533834764305,4.154290343352097e-05,3.1979381749078297
outbreak,41,1,0.0009934009792095366,4.154290343352097e-05,3.1744076774976353
reuters,20,0,0.0004967004896047683,2.0771451716760485e-05,3.1744076774976353
militant,20,0,0.0004967004896047683,2.0771451716760485e-05,3.1744076774976353
wreckage,40,1,0.000969748574942643,4.154290343352097e-05,3.150310125918575
saudi,40,1,0.000969748574942643,4.154290343352097e-05,3.150310125918575
issued,19,0,0.00047304808533787457,2.0771451716760485e-05,3.1256175133282036
declaration,19,0,0.00047304808533787457,2.0771451716760485e-05,3.1256175133282036
myanmar,19,0,0.00047304808533787457,2.0771451716760485e-05,3.1256175133282036
disea,19,0,0.00047304808533787457,2.0771451716760485e-05,3.1256175133282036
atomic,56,2,0.0013481870432129426,6.231435515028146e-05,3.074324218940653
virgin,18,0,0.00044939568107098087,2.0771451716760485e-05,3.074324218940653
suspect,36,1,0.000875138957875068,4.154290343352097e-05,3.0476559718584917
libya,17,0,0.00042574327680408716,2.0771451716760485e-05,3.0202569976703773
pradesh,17,0,0.00042574327680408716,2.0771451716760485e-05,3.0202569976703773
nagasaki,17,0,0.00042574327680408716,2.0771451716760485e-05,3.0202569976703773
outrage,17,0,0.00042574327680408716,2.0771451716760485e-05,3.0202569976703773
theater,17,0,0.00042574327680408716,2.0771451716760485e-05,3.0202569976703773
madhya,17,0,0.00042574327680408716,2.0771451716760485e-05,3.0202569976703773
nw,16,0,0.0004020908725371934,2.0771451716760485e-05,2.963098583830429
palestinian,16,0,0.0004020908725371934,2.0771451716760485e-05,2.963098583830429
galactic,16,0,0.0004020908725371934,2.0771451716760485e-05,2.963098583830429
pakistani,16,0,0.0004020908725371934,2.0771451716760485e-05,2.963098583830429
warning,50,2,0.0012062726176115801,6.231435515028146e-05,2.9630985838304285
california,115,6,0.0027436788949596726,0.0001454001620173234,2.9375652818252638
affected,32,1,0.0007805293408074931,4.154290343352097e-05,2.9332456206807476
typhoon,32,1,0.0007805293408074931,4.154290343352097e-05,2.9332456206807476
reunion,32,1,0.0007805293408074931,4.154290343352097e-05,2.9332456206807476
geller,15,0,0.0003784384682702997,2.0771451716760485e-05,2.902473962013994
crematorium,15,0,0.0003784384682702997,2.0771451716760485e-05,2.902473962013994
cdt,15,0,0.0003784384682702997,2.0771451716760485e-05,2.902473962013994
waving,15,0,0.0003784384682702997,2.0771451716760485e-05,2.902473962013994
airport,30,1,0.0007332245322737057,4.154290343352097e-05,2.8707252636994136
confirmed,45,2,0.0010880105962771116,6.231435515028146e-05,2.859914347595198
provoke,14,0,0.00035478606400340593,2.0771451716760485e-05,2.837935440876423
marians,14,0,0.00035478606400340593,2.0771451716760485e-05,2.837935440876423
twelve,14,0,0.00035478606400340593,2.0771451716760485e-05,2.837935440876423
crane,14,0,0.00035478606400340593,2.0771451716760485e-05,2.837935440876423
taiwan,14,0,0.00035478606400340593,2.0771451716760485e-05,2.837935440876423
recount,14,0,0.00035478606400340593,2.0771451716760485e-05,2.837935440876423
central,14,0,0.00035478606400340593,2.0771451716760485e-05,2.837935440876423
struggle,13,0,0.0003311336597365122,2.0771451716760485e-05,2.768942569389471
wrought,13,0,0.0003311336597365122,2.0771451716760485e-05,2.768942569389471
udhampur,13,0,0.0003311336597365122,2.0771451716760485e-05,2.768942569389471
airline,13,0,0.0003311336597365122,2.0771451716760485e-05,2.768942569389471
sue,27,1,0.0006622673194730244,4.154290343352097e-05,2.768942569389471
suicide,110,7,0.002625416873625204,0.00016617161373408388,2.759973899406711
helicopter,26,1,0.0006386149152061307,4.154290343352097e-05,2.7325749252185965
declares,26,1,0.0006386149152061307,4.154290343352097e-05,2.7325749252185965
swallowed,25,1,0.0006149625109392369,4.154290343352097e-05,2.694834597235749
roosevelt,12,0,0.00030748125546961846,2.0771451716760485e-05,2.694834597235749
plunging,12,0,0.00030748125546961846,2.0771451716760485e-05,2.694834597235749
abc,25,1,0.0006149625109392369,4.154290343352097e-05,2.694834597235749
aircraft,24,1,0.0005913101066723432,4.154290343352097e-05,2.655613884082468
region,11,0,0.00028382885120272475,2.0771451716760485e-05,2.6147918895622126
searching,23,1,0.0005676577024054495,4.154290343352097e-05,2.6147918895622126
express,11,0,0.00028382885120272475,2.0771451716760485e-05,2.6147918895622126
destroys,11,0,0.00028382885120272475,2.0771451716760485e-05,2.6147918895622126
incident,11,0,0.00028382885120272475,2.0771451716760485e-05,2.6147918895622126
carrying,11,0,0.00028382885120272475,2.0771451716760485e-05,2.6147918895622126
exchanging,11,0,0.00028382885120272475,2.0771451716760485e-05,2.6147918895622126
soudelor,22,1,0.0005440052981385558,4.154290343352097e-05,2.572232275143417
anniversary,33,2,0.0008041817450743868,6.231435515028146e-05,2.5576334757222643
crisis,21,1,0.0005203528938716621,4.154290343352097e-05,2.527780512572583
mediterranean,10,0,0.00026017644693583105,2.0771451716760485e-05,2.527780512572583
hawaii,10,0,0.00026017644693583105,2.0771451716760485e-05,2.527780512572583
hwy,10,0,0.00026017644693583105,2.0771451716760485e-05,2.527780512572583
yyc,10,0,0.00026017644693583105,2.0771451716760485e-05,2.527780512572583
expert,21,1,0.0005203528938716621,4.154290343352097e-05,2.527780512572583
japan,54,4,0.0013008822346791552,0.00010385725858380242,2.527780512572583
grows,10,0,0.00026017644693583105,2.0771451716760485e-05,2.527780512572583
examining,10,0,0.00026017644693583105,2.0771451716760485e-05,2.527780512572583
municipal,10,0,0.00026017644693583105,2.0771451716760485e-05,2.527780512572583
spaceship,10,0,0.00026017644693583105,2.0771451716760485e-05,2.527780512572583
mph,19,1,0.00047304808533787457,4.154290343352097e-05,2.432470332768258
mount,18,1,0.00044939568107098087,4.154290343352097e-05,2.3811770383807076
fukushima,18,1,0.00044939568107098087,4.154290343352097e-05,2.3811770383807076
temple,18,1,0.00044939568107098087,4.154290343352097e-05,2.3811770383807076
passenger,18,1,0.00044939568107098087,4.154290343352097e-05,2.3811770383807076
flight,18,1,0.00044939568107098087,4.154290343352097e-05,2.3811770383807076
rescuer,35,3,0.0008514865536081743,8.308580686704194e-05,2.327109817110432
crew,26,2,0.0006386149152061307,6.231435515028146e-05,2.327109817110432
civilian,17,1,0.00042574327680408716,4.154290343352097e-05,2.327109817110432
yearold,25,2,0.0006149625109392369,6.231435515028146e-05,2.289369489127585
landing,16,1,0.0004020908725371934,4.154290343352097e-05,2.2699514032704835
rly,15,1,0.0003784384682702997,4.154290343352097e-05,2.2093267814540485
pamela,15,1,0.0003784384682702997,4.154290343352097e-05,2.2093267814540485
ebola,15,1,0.0003784384682702997,4.154290343352097e-05,2.2093267814540485
gunman,15,1,0.0003784384682702997,4.154290343352097e-05,2.2093267814540485
bigger,23,2,0.0005676577024054495,6.231435515028146e-05,2.2093267814540485
razed,30,3,0.0007332245322737057,8.308580686704194e-05,2.177578083139468
utc,22,2,0.0005440052981385558,6.231435515028146e-05,2.1667671670352524
island,37,4,0.0008987913621419617,0.00010385725858380242,2.158033487066498
terror,14,1,0.00035478606400340593,4.154290343352097e-05,2.1447882603164774
richmond,14,1,0.00035478606400340593,4.154290343352097e-05,2.1447882603164774
amid,21,2,0.0005203528938716621,6.231435515028146e-05,2.122315404464419
alabama,13,1,0.0003311336597365122,4.154290343352097e-05,2.0757953888295257
hundred,34,4,0.0008278341493412805,0.00010385725858380242,2.0757953888295257
pilot,13,1,0.0003311336597365122,4.154290343352097e-05,2.0757953888295257
earthquake,47,6,0.001135315404810899,0.0001454001620173234,2.05517610162679
heavy,19,2,0.00047304808533787457,6.231435515028146e-05,2.0270052246600936
picking,19,2,0.00047304808533787457,6.231435515028146e-05,2.0270052246600936
east,19,2,0.00047304808533787457,6.231435515028146e-05,2.0270052246600936
suspected,12,1,0.00030748125546961846,4.154290343352097e-05,2.001687416675804
cameroon,12,1,0.00030748125546961846,4.154290343352097e-05,2.001687416675804
plane,31,4,0.0007568769365405994,0.00010385725858380242,1.9861832301398388
bridge,37,5,0.0008987913621419617,0.00012462871030056291,1.9757119302725432
train,100,15,0.0023888928309562666,0.00033234322746816775,1.9724170343756906
victim,24,3,0.0005913101066723432,8.308580686704194e-05,1.9624667035225227
near,48,7,0.0011589678090777927,0.00016617161373408388,1.9422639962050032
obama,54,8,0.0013008822346791552,0.00018694306545084436,1.9399938476704641
calgary,29,4,0.0007095721280068119,0.00010385725858380242,1.9216447090022675
evacuated,29,4,0.0007095721280068119,0.00010385725858380242,1.9216447090022675
charged,34,5,0.0008278341493412805,0.00012462871030056291,1.893473832035571
airplane,33,5,0.0008041817450743868,0.00012462871030056291,1.864486295162319
caused,27,4,0.0006622673194730244,0.00010385725858380242,1.8526518375153163
india,27,4,0.0006622673194730244,0.00010385725858380242,1.8526518375153163
area,43,7,0.0010407057877433242,0.00016617161373408388,1.8346333320126378
modified,10,1,0.00026017644693583105,4.154290343352097e-05,1.8346333320126378
usgs,10,1,0.00026017644693583105,4.154290343352097e-05,1.8346333320126378
repatriated,10,1,0.00026017644693583105,4.154290343352097e-05,1.8346333320126378
rocky,10,1,0.00026017644693583105,4.154290343352097e-05,1.8346333320126378
missing,37,6,0.0008987913621419617,0.0001454001620173234,1.821561250445285
nigerian,15,2,0.0003784384682702997,6.231435515028146e-05,1.803861673345884
report,50,9,0.0012062726176115801,0.00020771451716760484,1.7591257795044928
french,9,1,0.00023652404266893729,4.154290343352097e-05,1.739323152208313
coach,19,3,0.00047304808533787457,8.308580686704194e-05,1.739323152208313
main,9,1,0.00023652404266893729,4.154290343352097e-05,1.739323152208313
rail,9,1,0.00023652404266893729,4.154290343352097e-05,1.739323152208313
antioch,9,1,0.00023652404266893729,4.154290343352097e-05,1.739323152208313
mark,19,3,0.00047304808533787457,8.308580686704194e-05,1.739323152208313
sismo,9,1,0.00023652404266893729,4.154290343352097e-05,1.739323152208313
bin,9,1,0.00023652404266893729,4.154290343352097e-05,1.739323152208313
found,44,8,0.001064358192010218,0.00018694306545084436,1.739323152208313
reported,14,2,0.00035478606400340593,6.231435515028146e-05,1.7393231522083128
coast,14,2,0.00035478606400340593,6.231435515028146e-05,1.7393231522083128
thunderstorm,47,9,0.001135315404810899,0.00020771451716760484,1.6985011576880578
hailstorm,18,3,0.00044939568107098087,8.308580686704194e-05,1.6880298578207624
drought,32,6,0.0007805293408074931,0.0001454001620173234,1.6804826521853795
unit,13,2,0.0003311336597365122,6.231435515028146e-05,1.6703302807213614
west,22,4,0.0005440052981385558,0.00010385725858380242,1.655941543269262
fatal,54,11,0.0013008822346791552,0.00024925742060112583,1.652311775218683
officer,31,6,0.0007568769365405994,0.0001454001620173234,1.6497109935186258
closed,17,3,0.00042574327680408716,8.308580686704194e-05,1.6339626365504867
killing,12,2,0.00030748125546961846,6.231435515028146e-05,1.5962223085676395
philippine,12,2,0.00030748125546961846,6.231435515028146e-05,1.5962223085676395
crime,12,2,0.00030748125546961846,6.231435515028146e-05,1.5962223085676395
islamic,12,2,0.00030748125546961846,6.231435515028146e-05,1.5962223085676395
bbc,16,3,0.0004020908725371934,8.308580686704194e-05,1.576804222710538
christian,20,4,0.0004967004896047683,0.00010385725858380242,1.564969765063535
horror,24,5,0.0005913101066723432,0.00012462871030056291,1.5570015954143583
oil,44,10,0.001064358192010218,0.00022848596888436532,1.538652456746162
kill,55,13,0.0013245346389460489,0.0002908003240346468,1.5161796008941033
lane,11,2,0.00028382885120272475,6.231435515028146e-05,1.5161796008941033
pakistan,19,4,0.00047304808533787457,0.00010385725858380242,1.5161796008941033
county,31,7,0.0007568769365405994,0.00016617161373408388,1.5161796008941033
terrorist,39,9,0.0009460961706757491,0.00020771451716760484,1.5161796008941033
denver,11,2,0.00028382885120272475,6.231435515028146e-05,1.5161796008941033
serious,11,2,0.00028382885120272475,6.231435515028146e-05,1.5161796008941033
saved,19,4,0.00047304808533787457,0.00010385725858380242,1.5161796008941033
evacuation,42,10,0.0010170533834764305,0.00022848596888436532,1.4931900826694045
injured,42,10,0.0010170533834764305,0.00022848596888436532,1.4931900826694045
massacre,30,7,0.0007332245322737057,0.00016617161373408388,1.4844309025795228
north,22,5,0.0005440052981385558,0.00012462871030056291,1.4736199864753072
youth,18,4,0.00044939568107098087,0.00010385725858380242,1.4648863065065527
family,105,27,0.0025071548522907355,0.0005816006480692936,1.4611198237110758
latest,48,12,0.0011589678090777927,0.0002700288723178863,1.4567561804233025
memory,25,6,0.0006149625109392369,0.0001454001620173234,1.4420716287403812
case,25,6,0.0006149625109392369,0.0001454001620173234,1.4420716287403812
metro,10,2,0.00026017644693583105,6.231435515028146e-05,1.4291682239044736
oklahoma,10,2,0.00026017644693583105,6.231435515028146e-05,1.4291682239044736
stadium,10,2,0.00026017644693583105,6.231435515028146e-05,1.4291682239044736
linked,10,2,0.00026017644693583105,6.231435515028146e-05,1.4291682239044736
specially,10,2,0.00026017644693583105,6.231435515028146e-05,1.4291682239044736
moving,10,2,0.00026017644693583105,6.231435515028146e-05,1.4291682239044736
collision,28,7,0.0006859197237399182,0.00016617161373408388,1.4177395280808507
murder,35,9,0.0008514865536081743,0.00020771451716760484,1.410819085236277
flash,17,4,0.00042574327680408716,0.00010385725858380242,1.410819085236277
shooting,24,6,0.0005913101066723432,0.0001454001620173234,1.4028509155871
three,23,6,0.0005676577024054495,0.0001454001620173234,1.3620289210668448
air,33,9,0.0008041817450743868,0.00020771451716760484,1.3536606713963282
million,19,5,0.00047304808533787457,0.00012462871030056291,1.3338580441001484
drone,9,2,0.00023652404266893729,6.231435515028146e-05,1.3338580441001484
south,22,6,0.0005440052981385558,0.0001454001620173234,1.319469306648049
arrested,12,3,0.00030748125546961846,8.308580686704194e-05,1.3085402361158585
investigating,12,3,0.00030748125546961846,8.308580686704194e-05,1.3085402361158585
gas,12,3,0.00030748125546961846,8.308580686704194e-05,1.3085402361158585
washington,12,3,0.00030748125546961846,8.308580686704194e-05,1.3085402361158585
bus,37,11,0.0008987913621419617,0.00024925742060112583,1.2825647497125978
due,24,7,0.0005913101066723432,0.00016617161373408388,1.2693195229625773
terrorism,30,9,0.0007332245322737057,0.00020771451716760484,1.2612873512653133
police,107,34,0.002554459660824523,0.0007270008100866169,1.2566684054090187
weather,39,12,0.0009460961706757491,0.0002700288723178863,1.253815336426612
bomb,91,29,0.002176021192554223,0.0006231435515028145,1.2504764351610975
disaster,119,39,0.0028382885120272474,0.0008308580686704194,1.2284975284423223
abandoned,8,2,0.00021287163840204358,6.231435515028146e-05,1.2284975284423223
dy,11,3,0.00028382885120272475,8.308580686704194e-05,1.2284975284423223
site,23,7,0.0005676577024054495,0.00016617161373408388,1.2284975284423223
indian,11,3,0.00028382885120272475,8.308580686704194e-05,1.2284975284423223
governor,11,3,0.00028382885120272475,8.308580686704194e-05,1.2284975284423223
expect,11,3,0.00028382885120272475,8.308580686704194e-05,1.2284975284423223
close,11,3,0.00028382885120272475,8.308580686704194e-05,1.2284975284423223
med,11,3,0.00028382885120272475,8.308580686704194e-05,1.2284975284423223
afghanistan,8,2,0.00021287163840204358,6.231435515028146e-05,1.2284975284423223
israel,14,4,0.00035478606400340593,0.00010385725858380242,1.2284975284423223
forest,50,16,0.0012062726176115801,0.0003531146791849282,1.2284975284423223
global,14,4,0.00035478606400340593,0.00010385725858380242,1.2284975284423223
damaged,8,2,0.00021287163840204358,6.231435515028146e-05,1.2284975284423223
fire,265,88,0.006291539534993732,0.001848659202791683,1.2247451788237718
water,49,16,0.0011826202133446864,0.0003531146791849282,1.2086949011461425
accident,72,24,0.0017266255114832423,0.0005192862929190121,1.2014688560544031
survivor,31,10,0.0007568769365405994,0.00022848596888436532,1.1977258697755686
boat,28,9,0.0006859197237399182,0.00020771451716760484,1.194595976766641
violent,28,9,0.0006859197237399182,0.00020771451716760484,1.194595976766641
sandstorm,28,9,0.0006859197237399182,0.00020771451716760484,1.194595976766641
derailed,25,8,0.0006149625109392369,0.00018694306545084436,1.190757200459475
flag,19,6,0.00047304808533787457,0.0001454001620173234,1.1797073642728901
called,16,5,0.0004020908725371934,0.00012462871030056291,1.1713391146023735
refugee,33,11,0.0008041817450743868,0.00024925742060112583,1.1713391146023735
york,13,4,0.0003311336597365122,0.00010385725858380242,1.1595046569553709
escape,13,4,0.0003311336597365122,0.00010385725858380242,1.1595046569553709
disease,13,4,0.0003311336597365122,0.00010385725858380242,1.1595046569553709
cnn,13,4,0.0003311336597365122,0.00010385725858380242,1.1595046569553709
scene,13,4,0.0003311336597365122,0.00010385725858380242,1.1595046569553709
devastation,27,9,0.0006622673194730244,0.00020771451716760484,1.1595046569553709
iran,27,9,0.0006622673194730244,0.00020771451716760484,1.1595046569553709
street,24,8,0.0005913101066723432,0.00018694306545084436,1.151536487306194
possible,24,8,0.0005913101066723432,0.00018694306545084436,1.151536487306194
strong,10,3,0.00026017644693583105,8.308580686704194e-05,1.1414861514526926
return,10,3,0.00026017644693583105,8.308580686704194e-05,1.1414861514526926
died,21,7,0.0005203528938716621,0.00016617161373408388,1.1414861514526926
canada,10,3,0.00026017644693583105,8.308580686704194e-05,1.1414861514526926
western,10,3,0.00026017644693583105,8.308580686704194e-05,1.1414861514526926
soldier,10,3,0.00026017644693583105,8.308580686704194e-05,1.1414861514526926
shot,32,11,0.0007805293408074931,0.00024925742060112583,1.1414861514526924
flooding,37,13,0.0008987913621419617,0.0002908003240346468,1.1284140698853398
storm,91,33,0.002176021192554223,0.0007062293583698564,1.1253132922070916
mishap,15,5,0.0003784384682702997,0.00012462871030056291,1.1107144927859387
anthrax,15,5,0.0003784384682702997,0.00012462871030056291,1.1107144927859387
alarm,15,5,0.0003784384682702997,0.00012462871030056291,1.1107144927859387
home,101,38,0.0024125452352231603,0.0008100866169536589,1.0912964069288371
two,72,27,0.0017266255114832423,0.0005816006480692936,1.0881401707473997
crash,90,34,0.0021523687882873295,0.0007270008100866169,1.085396684801649
volcano,25,9,0.0006149625109392369,0.00020771451716760484,1.0853966848016487
parole,12,4,0.00030748125546961846,0.00010385725858380242,1.0853966848016487
france,12,4,0.00030748125546961846,0.00010385725858380242,1.0853966848016487
early,12,4,0.00030748125546961846,0.00010385725858380242,1.0853966848016487
wounded,35,13,0.0008514865536081743,0.0002908003240346468,1.074346848615064
firefighter,17,6,0.00042574327680408716,0.0001454001620173234,1.074346848615064
official,37,14,0.0008987913621419617,0.00031157177575140725,1.0594211983983883
freak,9,3,0.00023652404266893729,8.308580686704194e-05,1.0461759716483676
catastrophic,24,9,0.0005913101066723432,0.00020771451716760484,1.0461759716483676
hill,9,3,0.00023652404266893729,8.308580686704194e-05,1.0461759716483676
africa,9,3,0.00023652404266893729,8.308580686704194e-05,1.0461759716483676
allows,9,3,0.00023652404266893729,8.308580686704194e-05,1.0461759716483676
least,26,10,0.0006386149152061307,0.00022848596888436532,1.0278268329801712
major,16,6,0.0004020908725371934,0.0001454001620173234,1.0171884347751152
caught,16,6,0.0004020908725371934,0.0001454001620173234,1.0171884347751152
giant,16,6,0.0004020908725371934,0.0001454001620173234,1.0171884347751152
japanese,11,4,0.00028382885120272475,0.00010385725858380242,1.0053539771281126
capture,11,4,0.00028382885120272475,0.00010385725858380242,1.0053539771281126
ave,11,4,0.00028382885120272475,0.00010385725858380242,1.0053539771281126
expected,11,4,0.00028382885120272475,0.00010385725858380242,1.0053539771281126
minute,30,12,0.0007332245322737057,0.0002700288723178863,0.9989230867978222
displaced,25,10,0.0006149625109392369,0.00022848596888436532,0.9900865049973241
news,144,61,0.003429598618699591,0.00128783000643915,0.9794845971496955
russia,13,5,0.0003311336597365122,0.00012462871030056291,0.9771831001614161
attack,76,32,0.0018212351285508172,0.000685457906653096,0.9771831001614161
tornado,27,11,0.0006622673194730244,0.00024925742060112583,0.9771831001614161
american,22,9,0.0005440052981385558,0.00020771451716760484,0.9627943627093167
traffic,22,9,0.0005440052981385558,0.00020771451716760484,0.9627943627093167
flood,79,34,0.0018921923413514983,0.0007270008100866169,0.9565638129586804
isi,24,10,0.0005913101066723432,0.00022848596888436532,0.9508657918440427
pdp,8,3,0.00021287163840204358,8.308580686704194e-05,0.9408154559905414
local,8,3,0.00021287163840204358,8.308580686704194e-05,0.9408154559905414
nuclear,71,31,0.0017029731072163486,0.0006646864549363355,0.9408154559905414
ocean,8,3,0.00021287163840204358,8.308580686704194e-05,0.9408154559905414
bay,8,3,0.00021287163840204358,8.308580686704194e-05,0.9408154559905414
trent,8,3,0.00021287163840204358,8.308580686704194e-05,0.9408154559905414
collapse,55,24,0.0013245346389460489,0.0005192862929190121,0.9363611056411612
rain,37,16,0.0008987913621419617,0.0003531146791849282,0.9342580554443823
city,48,21,0.0011589678090777927,0.00045697193776873064,0.9306630845265234
line,19,8,0.00047304808533787457,0.00018694306545084436,0.9283929359919841
record,10,4,0.00026017644693583105,0.00010385725858380242,0.9183426001384828
lab,21,9,0.0005203528938716621,0.00020771451716760484,0.9183426001384828
wild,32,14,0.0007805293408074931,0.00031157177575140725,0.9183426001384828
jonathan,10,4,0.00026017644693583105,0.00010385725858380242,0.9183426001384828
wednesday,12,5,0.00030748125546961846,0.00012462871030056291,0.9030751280076943
following,12,5,0.00030748125546961846,0.00012462871030056291,0.9030751280076943
former,12,5,0.00030748125546961846,0.00012462871030056291,0.9030751280076943
august,25,11,0.0006149625109392369,0.00024925742060112583,0.9030751280076943
toddler,14,6,0.00035478606400340593,0.0001454001620173234,0.8920252918211092
update,33,15,0.0008041817450743868,0.00033234322746816775,0.8836570421505928
group,26,12,0.0006386149152061307,0.0002700288723178863,0.8607727483170049
released,28,13,0.0006859197237399182,0.0002908003240346468,0.8581237401454279
building,95,46,0.002270630809621798,0.0009762582306877428,0.8440858295319902
sign,27,13,0.0006622673194730244,0.0002908003240346468,0.8230324203341579
potential,7,3,0.00018921923413514985,8.308580686704194e-05,0.8230324203341579
living,9,4,0.00023652404266893729,0.00010385725858380242,0.8230324203341579
repair,7,3,0.00018921923413514985,8.308580686704194e-05,0.8230324203341579
politics,7,3,0.00018921923413514985,8.308580686704194e-05,0.8230324203341579
response,9,4,0.00023652404266893729,0.00010385725858380242,0.8230324203341579
cinema,7,3,0.00018921923413514985,8.308580686704194e-05,0.8230324203341579
boy,35,17,0.0008514865536081743,0.0003738861309016887,0.8230324203341579
cut,11,5,0.00028382885120272475,0.00012462871030056291,0.8230324203341579
holding,11,5,0.00028382885120272475,0.00012462871030056291,0.8230324203341579
cop,13,6,0.0003311336597365122,0.0001454001620173234,0.8230324203341579
event,11,5,0.00028382885120272475,0.00012462871030056291,0.8230324203341579
arson,21,10,0.0005203528938716621,0.00022848596888436532,0.8230324203341579
structural,25,12,0.0006149625109392369,0.0002700288723178863,0.8230324203341579
condition,7,3,0.00018921923413514985,8.308580686704194e-05,0.8230324203341579
heat,31,15,0.0007568769365405994,0.00033234322746816775,0.8230324203341579
wwii,7,3,0.00018921923413514985,8.308580686704194e-05,0.8230324203341579
thursday,13,6,0.0003311336597365122,0.0001454001620173234,0.8230324203341579
turkish,9,4,0.00023652404266893729,0.00010385725858380242,0.8230324203341579
etc,9,4,0.00023652404266893729,0.00010385725858380242,0.8230324203341579
degree,7,3,0.00018921923413514985,8.308580686704194e-05,0.8230324203341579
security,21,10,0.0005203528938716621,0.00022848596888436532,0.8230324203341579
tension,7,3,0.00018921923413514985,8.308580686704194e-05,0.8230324203341579
squad,7,3,0.00018921923413514985,8.308580686704194e-05,0.8230324203341579
driver,13,6,0.0003311336597365122,0.0001454001620173234,0.8230324203341579
issue,27,13,0.0006622673194730244,0.0002908003240346468,0.8230324203341579
apc,9,4,0.00023652404266893729,0.00010385725858380242,0.8230324203341579
casualty,41,20,0.0009934009792095366,0.0004362004860519702,0.8230324203341577
mass,48,24,0.0011589678090777927,0.0005192862929190121,0.8028297130166385
wind,36,18,0.000875138957875068,0.0003946575826184492,0.7963641732519966
hurricane,28,14,0.0006859197237399182,0.00031157177575140725,0.7891308686584766
explosion,28,14,0.0006859197237399182,0.00031157177575140725,0.7891308686584766
hostage,49,25,0.0011826202133446864,0.0005400577446357726,0.7838117071808766
rioting,24,12,0.0005913101066723432,0.0002700288723178863,0.7838117071808766
cyclone,20,10,0.0004967004896047683,0.00022848596888436532,0.776512404699265
action,18,9,0.00044939568107098087,0.00020771451716760484,0.7717391259466074
vehicle,16,8,0.0004020908725371934,0.00018694306545084436,0.7658740064942092
dead,63,33,0.0015137538730811988,0.0007062293583698564,0.7624077985177231
claim,14,7,0.00035478606400340593,0.00016617161373408388,0.7584938991965867
nearly,14,7,0.00035478606400340593,0.00016617161373408388,0.7584938991965867
force,14,7,0.00035478606400340593,0.00016617161373408388,0.7584938991965867
russian,14,7,0.00035478606400340593,0.00016617161373408388,0.7584938991965867
state,42,22,0.0010170533834764305,0.00047774338948549115,0.7555911395386253
sinkhole,27,14,0.0006622673194730244,0.00031157177575140725,0.7540395488472065
dust,25,13,0.0006149625109392369,0.0002908003240346468,0.7489244481804359
spring,12,6,0.00030748125546961846,0.0001454001620173234,0.7489244481804359
germ,12,6,0.00030748125546961846,0.0001454001620173234,0.7489244481804359
begin,12,6,0.00030748125546961846,0.0001454001620173234,0.7489244481804359
car,73,39,0.001750277915750136,0.0008308580686704194,0.7450708788644461
famine,23,12,0.0005676577024054495,0.0002700288723178863,0.7429897126606214
mile,10,5,0.00026017644693583105,0.00012462871030056291,0.7360210433445282
office,10,5,0.00026017644693583105,0.00012462871030056291,0.7360210433445282
union,10,5,0.00026017644693583105,0.00012462871030056291,0.7360210433445282
bush,19,10,0.00047304808533787457,0.00022848596888436532,0.7277222405298329
country,19,10,0.00047304808533787457,0.00022848596888436532,0.7277222405298329
failure,28,15,0.0006859197237399182,0.00033234322746816775,0.7245923475209053
evacuate,28,15,0.0006859197237399182,0.00033234322746816775,0.7245923475209053
tree,17,9,0.00042574327680408716,0.00020771451716760484,0.7176719046763316
leader,8,4,0.00021287163840204358,0.00010385725858380242,0.7176719046763316
president,8,4,0.00021287163840204358,0.00010385725858380242,0.7176719046763316
nyc,8,4,0.00021287163840204358,0.00010385725858380242,0.7176719046763316
search,8,4,0.00021287163840204358,0.00010385725858380242,0.7176719046763316
setting,8,4,0.00021287163840204358,0.00010385725858380242,0.7176719046763316
training,8,4,0.00021287163840204358,0.00010385725858380242,0.7176719046763316
chicago,8,4,0.00021287163840204358,0.00010385725858380242,0.7176719046763316
land,24,13,0.0005913101066723432,0.0002908003240346468,0.7097037350271547
across,13,7,0.0003311336597365122,0.00016617161373408388,0.6895010277096353
rainstorm,18,10,0.00044939568107098087,0.00022848596888436532,0.6764289461422826
strike,11,6,0.00028382885120272475,0.0001454001620173234,0.6688817405068995
tragedy,23,13,0.0005676577024054495,0.0002908003240346468,0.6688817405068995
point,16,9,0.0004020908725371934,0.00020771451716760484,0.660513490836383
center,16,9,0.0004020908725371934,0.00020771451716760484,0.660513490836383
bioterrorism,16,9,0.0004020908725371934,0.00020771451716760484,0.660513490836383
old,38,22,0.0009224437664088554,0.00047774338948549115,0.6579526699747092
fedex,21,12,0.0005203528938716621,0.0002700288723178863,0.6559783356709917
bioterror,21,12,0.0005203528938716621,0.0002700288723178863,0.6559783356709917
attacked,26,15,0.0006386149152061307,0.00033234322746816775,0.6531333835387604
truck,34,20,0.0008278341493412805,0.0004362004860519702,0.6407108635402031
transport,15,9,0.0003784384682702997,0.00020771451716760484,0.5998888690199482
aug,15,9,0.0003784384682702997,0.00020771451716760484,0.5998888690199482
cancer,7,4,0.00018921923413514985,0.00010385725858380242,0.5998888690199482
later,7,4,0.00018921923413514985,0.00010385725858380242,0.5998888690199482
pic,21,13,0.0005203528938716621,0.0002908003240346468,0.5818703635172698
image,10,6,0.00026017644693583105,0.0001454001620173234,0.5818703635172698
colorado,10,6,0.00026017644693583105,0.0001454001620173234,0.5818703635172698
huge,13,8,0.0003311336597365122,0.00018694306545084436,0.5717179920532518
war,61,39,0.0014664490645474113,0.0008308580686704194,0.5681401707053679
ago,16,10,0.0004020908725371934,0.00022848596888436532,0.5652033110320581
crashed,22,14,0.0005440052981385558,0.00031157177575140725,0.5573292546011522
hail,25,16,0.0006149625109392369,0.0003531146791849282,0.5547684337394785
breaking,25,16,0.0006149625109392369,0.0003531146791849282,0.5547684337394785
road,28,18,0.0006859197237399182,0.0003946575826184492,0.5527420905942461
house,38,25,0.0009224437664088554,0.0005400577446357726,0.535350347882377
happening,8,5,0.00021287163840204358,0.00012462871030056291,0.5353503478823769
loss,8,5,0.00021287163840204358,0.00012462871030056291,0.5353503478823769
ban,8,5,0.00021287163840204358,0.00012462871030056291,0.5353503478823769
using,8,5,0.00021287163840204358,0.00012462871030056291,0.5353503478823769
track,11,7,0.00028382885120272475,0.00016617161373408388,0.5353503478823769
helping,8,5,0.00021287163840204358,0.00012462871030056291,0.5353503478823769
downtown,11,7,0.00028382885120272475,0.00016617161373408388,0.5353503478823769
internally,8,5,0.00021287163840204358,0.00012462871030056291,0.5353503478823769
town,14,9,0.00035478606400340593,0.00020771451716760484,0.5353503478823769
student,11,7,0.00028382885120272475,0.00016617161373408388,0.5353503478823769
brooklyn,8,5,0.00021287163840204358,0.00012462871030056291,0.5353503478823769
british,11,7,0.00028382885120272475,0.00016617161373408388,0.5353503478823769
law,8,5,0.00021287163840204358,0.00012462871030056291,0.5353503478823769
mountain,11,7,0.00028382885120272475,0.00016617161373408388,0.5353503478823769
government,20,13,0.0004967004896047683,0.0002908003240346468,0.5353503478823768
natural,27,18,0.0006622673194730244,0.0003946575826184492,0.5176507707829759
order,21,14,0.0005203528938716621,0.00031157177575140725,0.5128774920303184
past,21,14,0.0005203528938716621,0.00031157177575140725,0.5128774920303184
lost,15,10,0.0003784384682702997,0.00022848596888436532,0.5045786892156233
poor,12,8,0.00030748125546961846,0.00018694306545084436,0.4976100198995298
collided,25,17,0.0006149625109392369,0.0003738861309016887,0.4976100198995298
damage,35,24,0.0008514865536081743,0.0005192862929190121,0.4945283533621219
murderer,19,13,0.00047304808533787457,0.0002908003240346468,0.48656018371294485
safety,9,6,0.00023652404266893729,0.0001454001620173234,0.48656018371294485
research,9,6,0.00023652404266893729,0.0001454001620173234,0.48656018371294485
currently,6,4,0.0001655668298682561,0.00010385725858380242,0.4663574763954256
upset,6,4,0.0001655668298682561,0.00010385725858380242,0.4663574763954256
tent,6,4,0.0001655668298682561,0.00010385725858380242,0.4663574763954256
ten,6,4,0.0001655668298682561,0.00010385725858380242,0.4663574763954256
blow,6,4,0.0001655668298682561,0.00010385725858380242,0.4663574763954256
snow,6,4,0.0001655668298682561,0.00010385725858380242,0.4663574763954256
avoid,6,4,0.0001655668298682561,0.00010385725858380242,0.4663574763954256
power,20,14,0.0004967004896047683,0.00031157177575140725,0.4663574763954254
death,66,47,0.0015847110858818799,0.0009970296824045033,0.46337684825728764
ambulance,24,17,0.0005913101066723432,0.0003738861309016887,0.4583893067462486
army,42,30,0.0010170533834764305,0.000643915003219575,0.4570981509826289
watch,50,36,0.0012062726176115801,0.0007685437135201379,0.4507929598543139
bayelsa,10,7,0.00026017644693583105,0.00016617161373408388,0.4483389708927472
patience,10,7,0.00026017644693583105,0.00016617161373408388,0.4483389708927472
four,10,7,0.00026017644693583105,0.00016617161373408388,0.4483389708927472
saw,21,15,0.0005203528938716621,0.00033234322746816775,0.4483389708927472
govt,10,7,0.00026017644693583105,0.00016617161373408388,0.4483389708927472
medium,18,13,0.00044939568107098087,0.0002908003240346468,0.4352668893253944
year,86,64,0.0020577591712197547,0.0013501443615894315,0.42140608853315925
member,11,8,0.00028382885120272475,0.00018694306545084436,0.4175673122259936
climate,11,8,0.00028382885120272475,0.00018694306545084436,0.4175673122259936
large,11,8,0.00028382885120272475,0.00018694306545084436,0.4175673122259936
burn,11,8,0.00028382885120272475,0.00018694306545084436,0.4175673122259936
hospital,7,5,0.00018921923413514985,0.00012462871030056291,0.4175673122259934
population,7,5,0.00018921923413514985,0.00012462871030056291,0.4175673122259934
fighting,7,5,0.00018921923413514985,0.00012462871030056291,0.4175673122259934
message,7,5,0.00018921923413514985,0.00012462871030056291,0.4175673122259934
target,7,5,0.00018921923413514985,0.00012462871030056291,0.4175673122259934
along,7,5,0.00018921923413514985,0.00012462871030056291,0.4175673122259934
hazardous,20,15,0.0004967004896047683,0.00033234322746816775,0.40181895525785416
hijack,16,12,0.0004020908725371934,0.0002700288723178863,0.398149226368892
wake,16,12,0.0004020908725371934,0.0002700288723178863,0.398149226368892
far,16,12,0.0004020908725371934,0.0002700288723178863,0.398149226368892
may,50,38,0.0012062726176115801,0.0008100866169536589,0.39814922636889183
texas,12,9,0.00030748125546961846,0.00020771451716760484,0.3922495042417035
isnt,12,9,0.00030748125546961846,0.00020771451716760484,0.3922495042417035
prepare,8,6,0.00021287163840204358,0.0001454001620173234,0.38119966805511873
landslide,22,17,0.0005440052981385558,0.0003738861309016887,0.37500769780719756
thousand,13,10,0.0003311336597365122,0.00022848596888436532,0.3710472965911007
human,13,10,0.0003311336597365122,0.00022848596888436532,0.3710472965911007
food,27,21,0.0006622673194730244,0.00045697193776873064,0.3710472965911007
lake,9,7,0.00023652404266893729,0.00016617161373408388,0.3530287910884223
sick,9,7,0.00023652404266893729,0.00016617161373408388,0.3530287910884223
young,9,7,0.00023652404266893729,0.00016617161373408388,0.3530287910884223
sea,9,7,0.00023652404266893729,0.00016617161373408388,0.3530287910884223
fight,19,15,0.00047304808533787457,0.00033234322746816775,0.3530287910884223
shift,9,7,0.00023652404266893729,0.00016617161373408388,0.3530287910884223
insurer,9,7,0.00023652404266893729,0.00016617161373408388,0.3530287910884223
history,14,11,0.00035478606400340593,0.00024925742060112583,0.35302879108842217
national,20,16,0.0004967004896047683,0.0003531146791849282,0.3411943334414194
piece,10,8,0.00026017644693583105,0.00018694306545084436,0.33055593523636384
risk,10,8,0.00026017644693583105,0.00018694306545084436,0.33055593523636384
via,121,99,0.002885593320561035,0.0020771451716760482,0.32873609851937774
hit,33,27,0.0008041817450743868,0.0005816006480692936,0.3240412542151699
inside,16,13,0.0004020908725371934,0.0002908003240346468,0.3240412542151699
america,16,13,0.0004020908725371934,0.0002908003240346468,0.3240412542151699
number,11,9,0.00028382885120272475,0.00020771451716760484,0.31220679656816724
camp,11,9,0.00028382885120272475,0.00020771451716760484,0.31220679656816724
lightning,24,20,0.0005913101066723432,0.0004362004860519702,0.3042386269189903
post,24,20,0.0005913101066723432,0.0004362004860519702,0.3042386269189903
others,12,10,0.00030748125546961846,0.00022848596888436532,0.29693932443737875
morning,12,10,0.00030748125546961846,0.00022848596888436532,0.29693932443737875
notice,6,5,0.0001655668298682561,0.00012462871030056291,0.28403591960147073
control,13,11,0.0003311336597365122,0.00024925742060112583,0.28403591960147073
route,6,5,0.0001655668298682561,0.00012462871030056291,0.28403591960147073
false,6,5,0.0001655668298682561,0.00012462871030056291,0.28403591960147073
radiation,6,5,0.0001655668298682561,0.00012462871030056291,0.28403591960147073
system,6,5,0.0001655668298682561,0.00012462871030056291,0.28403591960147073
rescued,21,18,0.0005203528938716621,0.0003946575826184492,0.276488713966088
since,29,25,0.0007095721280068119,0.0005400577446357726,0.27298608341488595
today,54,47,0.0013008822346791552,0.0009970296824045033,0.26601741409879254
board,7,6,0.00018921923413514985,0.0001454001620173234,0.26341663239873514
felt,7,6,0.00018921923413514985,0.0001454001620173234,0.26341663239873514
happen,7,6,0.00018921923413514985,0.0001454001620173234,0.26341663239873514
burning,64,56,0.0015374062773480925,0.0011839727478553477,0.26122124183529943
people,106,93,0.0025308072565576292,0.0019525164613754856,0.25941929196611485
parent,8,7,0.00021287163840204358,0.00016617161373408388,0.2476682754305961
ground,8,7,0.00021287163840204358,0.00016617161373408388,0.2476682754305961
map,8,7,0.00021287163840204358,0.00016617161373408388,0.2476682754305961
sad,8,7,0.00021287163840204358,0.00016617161373408388,0.2476682754305961
bit,8,7,0.00021287163840204358,0.00016617161373408388,0.2476682754305961
result,8,7,0.00021287163840204358,0.00016617161373408388,0.2476682754305961
hijacker,18,16,0.00044939568107098087,0.0003531146791849282,0.24111087488443703
blast,18,16,0.00044939568107098087,0.0003531146791849282,0.24111087488443703
true,9,8,0.00023652404266893729,0.00018694306545084436,0.23524575543203885
engulfed,19,17,0.00047304808533787457,0.0003738861309016887,0.23524575543203885
wall,9,8,0.00023652404266893729,0.00018694306545084436,0.23524575543203885
cost,9,8,0.00023652404266893729,0.00018694306545084436,0.23524575543203885
taken,10,9,0.00026017644693583105,0.00020771451716760484,0.22519541957853745
happened,10,9,0.00026017644693583105,0.00020771451716760484,0.22519541957853745
rescue,21,19,0.0005203528938716621,0.0004154290343352097,0.22519541957853745
act,10,9,0.00026017644693583105,0.00020771451716760484,0.22519541957853745
usa,11,10,0.00028382885120272475,0.00022848596888436532,0.21689661676384242
drive,11,10,0.00028382885120272475,0.00022848596888436532,0.21689661676384242
rock,12,11,0.00030748125546961846,0.00024925742060112583,0.20992794744774892
child,25,23,0.0006149625109392369,0.0004985148412022517,0.20992794744774892
seismic,14,13,0.00035478606400340593,0.0002908003240346468,0.19887811126116392
rise,15,14,0.0003784384682702997,0.00031157177575140725,0.19442376091178376
place,16,15,0.0004020908725371934,0.00033234322746816775,0.19050986159064745
must,17,16,0.00042574327680408716,0.0003531146791849282,0.1870436536141613
wave,30,29,0.0007332245322737057,0.0006231435515028145,0.16267506259720366
live,31,30,0.0007568769365405994,0.000643915003219575,0.16163393808879292
cause,31,30,0.0007568769365405994,0.000643915003219575,0.16163393808879292
say,66,64,0.0015847110858818799,0.0013501443615894315,0.16019058926954155
program,6,6,0.0001655668298682561,0.0001454001620173234,0.12988523977421257
picture,6,6,0.0001655668298682561,0.0001454001620173234,0.12988523977421257
industry,6,6,0.0001655668298682561,0.0001454001620173234,0.12988523977421257
information,7,7,0.00018921923413514985,0.00016617161373408388,0.12988523977421257
australia,11,11,0.00028382885120272475,0.00024925742060112583,0.12988523977421257
pathogen,6,6,0.0001655668298682561,0.0001454001620173234,0.12988523977421257
worst,10,10,0.00026017644693583105,0.00022848596888436532,0.12988523977421257
second,18,18,0.00044939568107098087,0.0003946575826184492,0.12988523977421257
river,16,16,0.0004020908725371934,0.0003531146791849282,0.12988523977421257
fully,6,6,0.0001655668298682561,0.0001454001620173234,0.12988523977421257
small,7,7,0.00018921923413514985,0.00016617161373408388,0.12988523977421257
phoenix,6,6,0.0001655668298682561,0.0001454001620173234,0.12988523977421257
set,26,26,0.0006386149152061307,0.0005608291963525331,0.12988523977421257
told,8,8,0.00021287163840204358,0.00018694306545084436,0.12988523977421257
flame,29,29,0.0007095721280068119,0.0006231435515028145,0.12988523977421257
peace,13,13,0.0003311336597365122,0.0002908003240346468,0.12988523977421257
late,5,5,0.00014191442560136238,0.00012462871030056291,0.12988523977421257
property,9,9,0.00023652404266893729,0.00020771451716760484,0.12988523977421257
seattle,5,5,0.00014191442560136238,0.00012462871030056291,0.12988523977421257
seems,5,5,0.00014191442560136238,0.00012462871030056291,0.12988523977421257
ash,9,9,0.00023652404266893729,0.00020771451716760484,0.12988523977421257
bell,5,5,0.00014191442560136238,0.00012462871030056291,0.12988523977421257
five,6,6,0.0001655668298682561,0.0001454001620173234,0.12988523977421257
use,17,17,0.00042574327680408716,0.0003738861309016887,0.12988523977421257
saving,6,6,0.0001655668298682561,0.0001454001620173234,0.12988523977421257
green,9,9,0.00023652404266893729,0.00020771451716760484,0.12988523977421257
call,24,24,0.0005913101066723432,0.0005192862929190121,0.12988523977421257
falling,7,7,0.00018921923413514985,0.00016617161373408388,0.12988523977421257
health,14,14,0.00035478606400340593,0.00031157177575140725,0.12988523977421257
service,41,41,0.0009934009792095366,0.0008724009721039404,0.12988523977421237
story,25,26,0.0006149625109392369,0.0005608291963525331,0.09214491179136537
down,42,44,0.0010170533834764305,0.0009347153272542218,0.0844228656974553
part,19,20,0.00047304808533787457,0.0004362004860519702,0.0810950756047804
trauma,19,20,0.00047304808533787457,0.0004362004860519702,0.0810950756047804
derail,17,18,0.00042574327680408716,0.0003946575826184492,0.07581801850393687
fatality,34,36,0.0008278341493412805,0.0007685437135201379,0.07431538861940176
half,16,17,0.0004020908725371934,0.0003738861309016887,0.07272682593426388
support,13,14,0.0003311336597365122,0.00031157177575140725,0.06089236828726112
nearby,13,14,0.0003311336597365122,0.00031157177575140725,0.06089236828726112
reactor,13,14,0.0003311336597365122,0.00031157177575140725,0.06089236828726112
outside,12,13,0.00030748125546961846,0.0002908003240346468,0.05577726762049063
emergency,76,82,0.0018212351285508172,0.0017240304924911202,0.05485005383129852
omg,10,11,0.00026017644693583105,0.00024925742060112583,0.042873862784582904
daily,10,11,0.00026017644693583105,0.00024925742060112583,0.042873862784582904
crazy,10,11,0.00026017644693583105,0.00024925742060112583,0.042873862784582904
truth,9,10,0.00023652404266893729,0.00022848596888436532,0.03457505996988763
taking,8,9,0.00021287163840204358,0.00020771451716760484,0.02452472411638626
ppl,8,9,0.00021287163840204358,0.00020771451716760484,0.02452472411638626
chemical,16,18,0.0004020908725371934,0.0003946575826184492,0.0186596046639881
hijacking,15,17,0.0003784384682702997,0.0003738861309016887,0.012102204117829177
account,7,8,0.00018921923413514985,0.00018694306545084436,0.012102204117829177
could,38,43,0.0009224437664088554,0.0009139438755374613,0.009257251985597832
life,59,67,0.0014191442560136237,0.0014124587167397128,0.004722096820206504
move,13,15,0.0003311336597365122,0.00033234322746816775,-0.0036461528503100127
leave,13,15,0.0003311336597365122,0.00033234322746816775,-0.0036461528503100127
sunday,6,7,0.0001655668298682561,0.00016617161373408388,-0.0036461528503100127
gun,13,15,0.0003311336597365122,0.00033234322746816775,-0.0036461528503100127
evening,6,7,0.0001655668298682561,0.00016617161373408388,-0.0036461528503100127
ablaze,13,15,0.0003311336597365122,0.00033234322746816775,-0.0036461528503100127
enugu,6,7,0.0001655668298682561,0.00016617161373408388,-0.0036461528503100127
china,20,23,0.0004967004896047683,0.0004985148412022517,-0.0036461528503102356
another,32,37,0.0007805293408074931,0.0007893151652368985,-0.011193358485693028
month,12,14,0.00030748125546961846,0.00031157177575140725,-0.013215603866460778
chief,5,6,0.00014191442560136238,0.0001454001620173234,-0.024265440053045772
structure,5,6,0.00014191442560136238,0.0001454001620173234,-0.024265440053045772
leaving,5,6,0.00014191442560136238,0.0001454001620173234,-0.024265440053045772
less,5,6,0.00014191442560136238,0.0001454001620173234,-0.024265440053045772
operation,5,6,0.00014191442560136238,0.0001454001620173234,-0.024265440053045772
blocked,5,6,0.00014191442560136238,0.0001454001620173234,-0.024265440053045772
drunk,5,6,0.00014191442560136238,0.0001454001620173234,-0.024265440053045772
plan,35,41,0.0008514865536081743,0.0008724009721039404,-0.024265440053045772
san,5,6,0.00014191442560136238,0.0001454001620173234,-0.024265440053045772
effort,5,6,0.00014191442560136238,0.0001454001620173234,-0.024265440053045772
cannot,5,6,0.00014191442560136238,0.0001454001620173234,-0.024265440053045772
among,5,6,0.00014191442560136238,0.0001454001620173234,-0.024265440053045772
bombed,16,19,0.0004020908725371934,0.0004154290343352097,-0.03263368972356236
open,10,12,0.00026017644693583105,0.0002700288723178863,-0.03716884488895353
problem,10,12,0.00026017644693583105,0.0002700288723178863,-0.03716884488895353
school,32,38,0.0007805293408074931,0.0008100866169536589,-0.03716884488895353
said,26,31,0.0006386149152061307,0.0006646864549363355,-0.040013797021184884
responder,15,18,0.0003784384682702997,0.0003946575826184492,-0.04196501715244669
weapon,40,48,0.000969748574942643,0.0010178011341212638,-0.04836299163210625
longer,14,17,0.00035478606400340593,0.0003738861309016887,-0.05243631701974208
first,49,59,0.0011826202133446864,0.001246287103005629,-0.05243631701974208
united,9,11,0.00023652404266893729,0.00024925742060112583,-0.0524363170197422
off,51,62,0.0012299250218784738,0.0013086014581559105,-0.062005768035892785
till,8,10,0.00021287163840204358,0.00022848596888436532,-0.07078545568793855
ready,8,10,0.00021287163840204358,0.00022848596888436532,-0.07078545568793855
thunder,20,25,0.0004967004896047683,0.0005400577446357726,-0.08368886052384651
middle,7,9,0.00018921923413514985,0.00020771451716760484,-0.0932583115399971
london,7,9,0.00018921923413514985,0.00020771451716760484,-0.0932583115399971
pray,7,9,0.00018921923413514985,0.00020771451716760484,-0.0932583115399971
almost,11,14,0.00028382885120272475,0.00031157177575140725,-0.0932583115399971
still,57,72,0.0013718394474798363,0.0015163159753235154,-0.10013119082775929
photo,29,37,0.0007095721280068119,0.0007893151652368985,-0.10650353829001792
tell,13,17,0.0003311336597365122,0.0003738861309016887,-0.12142918850669351
drowned,13,17,0.0003311336597365122,0.0003738861309016887,-0.12142918850669351
travel,6,8,0.0001655668298682561,0.00018694306545084436,-0.12142918850669351
sitting,6,8,0.0001655668298682561,0.00018694306545084436,-0.12142918850669351
standard,6,8,0.0001655668298682561,0.00018694306545084436,-0.12142918850669351
mention,6,8,0.0001655668298682561,0.00018694306545084436,-0.12142918850669351
prebreak,13,17,0.0003311336597365122,0.0003738861309016887,-0.12142918850669351
walk,6,8,0.0001655668298682561,0.00018694306545084436,-0.12142918850669351
man,49,64,0.0011826202133446864,0.0013501443615894315,-0.13247902469327852
horrible,15,20,0.0003784384682702997,0.0004362004860519702,-0.1420484757094292
wife,5,7,0.00014191442560136238,0.00016617161373408388,-0.15779683267756842
give,8,11,0.00021287163840204358,0.00024925742060112583,-0.15779683267756842
pas,5,7,0.00014191442560136238,0.00016617161373408388,-0.15779683267756842
box,5,7,0.00014191442560136238,0.00016617161373408388,-0.15779683267756842
wtf,5,7,0.00014191442560136238,0.00016617161373408388,-0.15779683267756842
snowstorm,11,15,0.00028382885120272475,0.00033234322746816775,-0.15779683267756842
sister,5,7,0.00014191442560136238,0.00016617161373408388,-0.15779683267756842
islam,11,15,0.00028382885120272475,0.00033234322746816775,-0.15779683267756842
person,14,19,0.00035478606400340593,0.0004154290343352097,-0.15779683267756842
agree,5,7,0.00014191442560136238,0.00016617161373408388,-0.15779683267756842
centre,8,11,0.00021287163840204358,0.00024925742060112583,-0.15779683267756842
causing,5,7,0.00014191442560136238,0.00016617161373408388,-0.15779683267756842
meet,5,7,0.00014191442560136238,0.00016617161373408388,-0.15779683267756842
public,8,11,0.00021287163840204358,0.00024925742060112583,-0.15779683267756842
price,5,7,0.00014191442560136238,0.00016617161373408388,-0.15779683267756842
devastated,8,11,0.00021287163840204358,0.00024925742060112583,-0.15779683267756842
total,5,7,0.00014191442560136238,0.00016617161373408388,-0.15779683267756842
tsunami,13,18,0.0003311336597365122,0.0003946575826184492,-0.17549640977696931
tonight,18,25,0.00044939568107098087,0.0005400577446357726,-0.18377231908082894
threat,7,10,0.00018921923413514985,0.00022848596888436532,-0.188568491344322
came,15,21,0.0003784384682702997,0.00045697193776873064,-0.188568491344322
season,7,10,0.00018921923413514985,0.00022848596888436532,-0.188568491344322
behind,7,10,0.00018921923413514985,0.00022848596888436532,-0.188568491344322
done,12,17,0.00030748125546961846,0.0003738861309016887,-0.1955371606604155
electrocuted,14,20,0.00035478606400340593,0.0004362004860519702,-0.20658699684700046
equipment,4,6,0.00011826202133446864,0.0001454001620173234,-0.20658699684700046
yesterday,4,6,0.00011826202133446864,0.0001454001620173234,-0.20658699684700046
extreme,4,6,0.00011826202133446864,0.0001454001620173234,-0.20658699684700046
waiting,4,6,0.00011826202133446864,0.0001454001620173234,-0.20658699684700046
usually,4,6,0.00011826202133446864,0.0001454001620173234,-0.20658699684700046
coffee,4,6,0.00011826202133446864,0.0001454001620173234,-0.20658699684700046
broken,4,6,0.00011826202133446864,0.0001454001620173234,-0.20658699684700046
annihilation,9,13,0.00023652404266893729,0.0002908003240346468,-0.20658699684700046
talking,4,6,0.00011826202133446864,0.0001454001620173234,-0.20658699684700046
imagine,4,6,0.00011826202133446864,0.0001454001620173234,-0.20658699684700046
cruz,4,6,0.00011826202133446864,0.0001454001620173234,-0.20658699684700046
according,4,6,0.00011826202133446864,0.0001454001620173234,-0.20658699684700046
veteran,4,6,0.00011826202133446864,0.0001454001620173234,-0.20658699684700046
rip,4,6,0.00011826202133446864,0.0001454001620173234,-0.20658699684700046
arm,4,6,0.00011826202133446864,0.0001454001620173234,-0.20658699684700046
video,72,102,0.0017266255114832423,0.0021394595268263298,-0.214384307307032
around,16,23,0.0004020908725371934,0.0004985148412022517,-0.2149552465175171
high,18,26,0.00044939568107098087,0.0005608291963525331,-0.22151264706367602
worse,6,9,0.0001655668298682561,0.00020771451716760484,-0.22678970416451974
eyewitness,13,19,0.0003311336597365122,0.0004154290343352097,-0.22678970416451974
men,13,19,0.0003311336597365122,0.0004154290343352097,-0.22678970416451974
wasnt,6,9,0.0001655668298682561,0.00020771451716760484,-0.22678970416451974
fact,6,9,0.0001655668298682561,0.00020771451716760484,-0.22678970416451974
worry,6,9,0.0001655668298682561,0.00020771451716760484,-0.22678970416451974
watching,10,15,0.00026017644693583105,0.00033234322746816775,-0.2448082096671981
effect,14,21,0.00035478606400340593,0.00045697193776873064,-0.2531070124818932
look,48,71,0.0011589678090777927,0.0014955445236067549,-0.25496058113121617
time,70,104,0.0016793207029494547,0.0021810024302598508,-0.26139523334199544
involving,5,8,0.00014191442560136238,0.00018694306545084436,-0.27557986833395176
silver,5,8,0.00014191442560136238,0.00018694306545084436,-0.27557986833395176
thats,23,35,0.0005676577024054495,0.0007477722618033774,-0.27557986833395176
metal,5,8,0.00014191442560136238,0.00018694306545084436,-0.27557986833395176
salt,5,8,0.00014191442560136238,0.00018694306545084436,-0.27557986833395176
lie,9,14,0.00023652404266893729,0.00031157177575140725,-0.27557986833395176
couple,9,14,0.00023652404266893729,0.00031157177575140725,-0.27557986833395176
short,5,8,0.00014191442560136238,0.00018694306545084436,-0.27557986833395176
gold,5,8,0.00014191442560136238,0.00018694306545084436,-0.27557986833395176
believe,11,17,0.00028382885120272475,0.0003738861309016887,-0.27557986833395176
friday,5,8,0.00014191442560136238,0.00018694306545084436,-0.27557986833395176
took,5,8,0.00014191442560136238,0.00018694306545084436,-0.27557986833395176
gone,5,8,0.00014191442560136238,0.00018694306545084436,-0.27557986833395176
against,15,23,0.0003784384682702997,0.0004985148412022517,-0.27557986833395187
went,13,20,0.0003311336597365122,0.0004362004860519702,-0.27557986833395187
dude,7,11,0.00018921923413514985,0.00024925742060112583,-0.27557986833395187
park,7,11,0.00018921923413514985,0.00024925742060112583,-0.27557986833395187
horse,7,11,0.00018921923413514985,0.00024925742060112583,-0.27557986833395187
instead,7,11,0.00018921923413514985,0.00024925742060112583,-0.27557986833395187
insurance,7,11,0.00018921923413514985,0.00024925742060112583,-0.27557986833395187
whole,16,25,0.0004020908725371934,0.0005400577446357726,-0.29499795419105335
many,33,51,0.0008041817450743868,0.0010801154892715451,-0.29499795419105335
collapsed,14,22,0.00035478606400340593,0.00047774338948549115,-0.29755877505272715
windstorm,14,22,0.00035478606400340593,0.00047774338948549115,-0.29755877505272715
rubble,10,16,0.00026017644693583105,0.0003531146791849282,-0.30543283148363276
woman,28,44,0.0006859197237399182,0.0009347153272542218,-0.3094814200096332
sky,8,13,0.00021287163840204358,0.0002908003240346468,-0.3119475125048266
info,6,10,0.0001655668298682561,0.00022848596888436532,-0.3220998839688446
owner,6,10,0.0001655668298682561,0.00022848596888436532,-0.3220998839688446
working,6,10,0.0001655668298682561,0.00022848596888436532,-0.3220998839688446
remember,11,18,0.00028382885120272475,0.0003946575826184492,-0.3296470896042276
save,16,26,0.0004020908725371934,0.0005608291963525331,-0.3327382821739005
riot,16,26,0.0004020908725371934,0.0005608291963525331,-0.3327382821739005
hope,21,34,0.0005203528938716621,0.0007270008100866169,-0.33442036835688516
dan,4,7,0.00011826202133446864,0.00016617161373408388,-0.340118389471523
happens,4,7,0.00011826202133446864,0.00016617161373408388,-0.340118389471523
worth,4,7,0.00011826202133446864,0.00016617161373408388,-0.340118389471523
mine,4,7,0.00011826202133446864,0.00016617161373408388,-0.340118389471523
hear,9,15,0.00023652404266893729,0.00033234322746816775,-0.340118389471523
end,19,31,0.00047304808533787457,0.0006646864549363355,-0.340118389471523
kit,4,7,0.00011826202133446864,0.00016617161373408388,-0.340118389471523
moment,9,15,0.00023652404266893729,0.00033234322746816775,-0.340118389471523
earlier,4,7,0.00011826202133446864,0.00016617161373408388,-0.340118389471523
alive,4,7,0.00011826202133446864,0.00016617161373408388,-0.340118389471523
syrian,4,7,0.00011826202133446864,0.00016617161373408388,-0.340118389471523
navy,4,7,0.00011826202133446864,0.00016617161373408388,-0.340118389471523
whirlwind,14,23,0.00035478606400340593,0.0004985148412022517,-0.3401183894715232
there,17,28,0.00042574327680408716,0.0006023720997860541,-0.34703883231609683
world,44,72,0.001064358192010218,0.0015163159753235154,-0.3539117116038588
totally,7,12,0.00018921923413514985,0.0002700288723178863,-0.3556225760074882
running,7,12,0.00018921923413514985,0.0002700288723178863,-0.3556225760074882
arsonist,7,12,0.00018921923413514985,0.0002700288723178863,-0.3556225760074882
doesnt,10,17,0.00026017644693583105,0.0003738861309016887,-0.3625912453235815
review,5,9,0.00014191442560136238,0.00020771451716760484,-0.38094038399177804
delivers,5,9,0.00014191442560136238,0.00020771451716760484,-0.38094038399177804
different,5,9,0.00014191442560136238,0.00020771451716760484,-0.38094038399177804
interesting,5,9,0.00014191442560136238,0.00020771451716760484,-0.38094038399177804
general,5,9,0.00014191442560136238,0.00020771451716760484,-0.38094038399177804
window,5,9,0.00014191442560136238,0.00020771451716760484,-0.38094038399177804
aba,5,9,0.00014191442560136238,0.00020771451716760484,-0.38094038399177804
please,26,44,0.0006386149152061307,0.0009347153272542218,-0.38094038399177804
glad,5,9,0.00014191442560136238,0.00020771451716760484,-0.38094038399177804
occurred,5,9,0.00014191442560136238,0.00020771451716760484,-0.38094038399177804
planned,5,9,0.00014191442560136238,0.00020771451716760484,-0.38094038399177804
matter,5,9,0.00014191442560136238,0.00020771451716760484,-0.38094038399177804
stop,21,36,0.0005203528938716621,0.0007685437135201379,-0.38999021951169593
little,18,31,0.00044939568107098087,0.0006646864549363355,-0.3914116838590736
rule,9,16,0.00023652404266893729,0.0003531146791849282,-0.4007430112879578
quarantined,13,23,0.0003311336597365122,0.0004985148412022517,-0.40911126095847455
room,6,11,0.0001655668298682561,0.00024925742060112583,-0.40911126095847455
red,13,23,0.0003311336597365122,0.0004985148412022517,-0.40911126095847455
actually,10,18,0.00026017644693583105,0.0003946575826184492,-0.4166584665938573
survived,14,25,0.00035478606400340593,0.0005400577446357726,-0.4201610971450594
angry,7,13,0.00018921923413514985,0.0002908003240346468,-0.42973054816121015
film,7,13,0.00018921923413514985,0.0002908003240346468,-0.42973054816121015
view,7,13,0.00018921923413514985,0.0002908003240346468,-0.42973054816121015
hour,15,27,0.0003784384682702997,0.0005816006480692936,-0.42973054816121015
movie,19,34,0.00047304808533787457,0.0007270008100866169,-0.42973054816121015
become,7,13,0.00018921923413514985,0.0002908003240346468,-0.42973054816121015
run,19,34,0.00047304808533787457,0.0007270008100866169,-0.42973054816121015
deal,11,20,0.00028382885120272475,0.0004362004860519702,-0.42973054816121015
hard,7,13,0.00018921923413514985,0.0002908003240346468,-0.42973054816121015
trapped,15,27,0.0003784384682702997,0.0005816006480692936,-0.42973054816121015
company,7,13,0.00018921923413514985,0.0002908003240346468,-0.42973054816121015
theyre,8,15,0.00021287163840204358,0.00033234322746816775,-0.44547890512934923
white,13,24,0.0003311336597365122,0.0005192862929190121,-0.4499332554787294
level,9,17,0.00023652404266893729,0.0003738861309016887,-0.4579014251279065
forever,4,8,0.00011826202133446864,0.00018694306545084436,-0.4579014251279065
mix,4,8,0.00011826202133446864,0.00018694306545084436,-0.4579014251279065
special,4,8,0.00011826202133446864,0.00018694306545084436,-0.4579014251279065
tho,4,8,0.00011826202133446864,0.00018694306545084436,-0.4579014251279065
offer,4,8,0.00011826202133446864,0.00018694306545084436,-0.4579014251279065
anymore,4,8,0.00011826202133446864,0.00018694306545084436,-0.4579014251279065
sensorsenso,4,8,0.00011826202133446864,0.00018694306545084436,-0.4579014251279065
team,10,19,0.00026017644693583105,0.0004154290343352097,-0.46795176098140784
court,5,10,0.00014191442560136238,0.00022848596888436532,-0.47625056379610287
send,11,21,0.00028382885120272475,0.00045697193776873064,-0.47625056379610287
started,5,10,0.00014191442560136238,0.00022848596888436532,-0.47625056379610287
article,5,10,0.00014191442560136238,0.00022848596888436532,-0.47625056379610287
question,5,10,0.00014191442560136238,0.00022848596888436532,-0.47625056379610287
ahead,5,10,0.00014191442560136238,0.00022848596888436532,-0.47625056379610287
military,18,34,0.00044939568107098087,0.0007270008100866169,-0.48102384254876057
tomorrow,12,23,0.00030748125546961846,0.0004985148412022517,-0.4832192331121964
else,6,12,0.0001655668298682561,0.0002700288723178863,-0.4891539686320108
driving,6,12,0.0001655668298682561,0.0002700288723178863,-0.4891539686320108
break,6,12,0.0001655668298682561,0.0002700288723178863,-0.4891539686320108
mad,6,12,0.0001655668298682561,0.0002700288723178863,-0.4891539686320108
wound,13,25,0.0003311336597365122,0.0005400577446357726,-0.4891539686320108
front,6,12,0.0001655668298682561,0.0002700288723178863,-0.4891539686320108
seek,7,14,0.00018921923413514985,0.00031157177575140725,-0.4987234196481615
summer,15,29,0.0003784384682702997,0.0006231435515028145,-0.4987234196481615
literally,8,16,0.00021287163840204358,0.0003531146791849282,-0.506103526945784
fall,18,35,0.00044939568107098087,0.0007477722618033774,-0.5091947195154569
shit,19,37,0.00047304808533787457,0.0007893151652368985,-0.5119686463981823
take,30,58,0.0007332245322737057,0.0012255156512888685,-0.5136649996463605
used,10,20,0.00026017644693583105,0.0004362004860519702,-0.5167419251508399
dog,10,20,0.00026017644693583105,0.0004362004860519702,-0.5167419251508399
fear,23,45,0.0005676577024054495,0.0009554867789709823,-0.5207023263669369
left,11,22,0.00028382885120272475,0.00047774338948549115,-0.5207023263669369
baby,14,28,0.00035478606400340593,0.0006023720997860541,-0.5293603891100515
one,70,137,0.0016793207029494547,0.0028664603369129467,-0.5346885683416767
next,17,34,0.00042574327680408716,0.0007270008100866169,-0.5350910638190363
help,25,50,0.0006149625109392369,0.0010593440375547846,-0.5438438549286312
injury,27,54,0.0006622673194730244,0.0011424298444218267,-0.5452434352830544
stream,3,7,9.460961706757492e-05,0.00016617161373408388,-0.5632619407857328
understand,3,7,9.460961706757492e-05,0.00016617161373408388,-0.5632619407857328
pool,3,7,9.460961706757492e-05,0.00016617161373408388,-0.5632619407857328
giving,4,9,0.00011826202133446864,0.00020771451716760484,-0.5632619407857328
signed,3,7,9.460961706757492e-05,0.00016617161373408388,-0.5632619407857328
double,4,9,0.00011826202133446864,0.00020771451716760484,-0.5632619407857328
hello,3,7,9.460961706757492e-05,0.00016617161373408388,-0.5632619407857328
talk,7,15,0.00018921923413514985,0.00033234322746816775,-0.5632619407857328
international,4,9,0.00011826202133446864,0.00020771451716760484,-0.5632619407857328
turned,5,11,0.00014191442560136238,0.00024925742060112583,-0.5632619407857328
beach,6,13,0.0001655668298682561,0.0002908003240346468,-0.5632619407857328
department,5,11,0.00014191442560136238,0.00024925742060112583,-0.5632619407857328
vote,4,9,0.00011826202133446864,0.00020771451716760484,-0.5632619407857328
chance,7,15,0.00018921923413514985,0.00033234322746816775,-0.5632619407857328
killer,4,9,0.00011826202133446864,0.00020771451716760484,-0.5632619407857328
dangerous,3,7,9.460961706757492e-05,0.00016617161373408388,-0.5632619407857328
care,10,21,0.00026017644693583105,0.00045697193776873064,-0.5632619407857328
financial,4,9,0.00011826202133446864,0.00020771451716760484,-0.5632619407857328
single,4,9,0.00011826202133446864,0.00020771451716760484,-0.5632619407857328
quite,3,7,9.460961706757492e-05,0.00016617161373408388,-0.5632619407857328
remove,3,7,9.460961706757492e-05,0.00016617161373408388,-0.5632619407857328
die,8,17,0.00021287163840204358,0.0003738861309016887,-0.5632619407857328
extremely,3,7,9.460961706757492e-05,0.00016617161373408388,-0.5632619407857328
cold,4,9,0.00011826202133446864,0.00020771451716760484,-0.5632619407857328
rate,4,9,0.00011826202133446864,0.00020771451716760484,-0.5632619407857328
sent,4,9,0.00011826202133446864,0.00020771451716760484,-0.5632619407857328
pain,6,13,0.0001655668298682561,0.0002908003240346468,-0.5632619407857328
played,4,9,0.00011826202133446864,0.00020771451716760484,-0.5632619407857328
enough,5,11,0.00014191442560136238,0.00024925742060112583,-0.5632619407857328
able,3,7,9.460961706757492e-05,0.00016617161373408388,-0.5632619407857328
based,3,7,9.460961706757492e-05,0.00016617161373408388,-0.5632619407857328
sense,4,9,0.00011826202133446864,0.00020771451716760484,-0.5632619407857328
damn,7,15,0.00018921923413514985,0.00033234322746816775,-0.5632619407857328
walking,4,9,0.00011826202133446864,0.00020771451716760484,-0.5632619407857328
mod,4,9,0.00011826202133446864,0.00020771451716760484,-0.5632619407857328
didnt,10,21,0.00026017644693583105,0.00045697193776873064,-0.5632619407857328
mudslide,12,25,0.00030748125546961846,0.0005400577446357726,-0.5632619407857328
wow,6,13,0.0001655668298682561,0.0002908003240346468,-0.5632619407857328
learn,6,13,0.0001655668298682561,0.0002908003240346468,-0.5632619407857328
big,13,27,0.0003311336597365122,0.0005816006480692936,-0.5632619407857328
last,27,56,0.0006622673194730244,0.0011839727478553477,-0.5809615178851336
getting,18,38,0.00044939568107098087,0.0008100866169536589,-0.5892374271889934
away,12,26,0.00030748125546961846,0.0005608291963525331,-0.60100226876858
heard,11,24,0.00028382885120272475,0.0005192862929190121,-0.6040839353059877
exploded,11,24,0.00028382885120272475,0.0005192862929190121,-0.6040839353059877
cool,10,22,0.00026017644693583105,0.00047774338948549115,-0.6077137033565665
hot,21,45,0.0005203528938716621,0.0009554867789709823,-0.6077137033565665
something,10,22,0.00026017644693583105,0.00047774338948549115,-0.6077137033565665
ship,10,22,0.00026017644693583105,0.00047774338948549115,-0.6077137033565665
day,46,98,0.0011116630005440053,0.002056373719959288,-0.615087008650319
yeah,8,18,0.00021287163840204358,0.0003946575826184492,-0.6173291620560084
right,23,50,0.0005676577024054495,0.0010593440375547846,-0.6238865626021675
fast,7,16,0.00018921923413514985,0.0003531146791849282,-0.6238865626021675
blaze,7,16,0.00018921923413514985,0.0003531146791849282,-0.6238865626021675
gem,6,14,0.0001655668298682561,0.00031157177575140725,-0.6322548122726842
entire,6,14,0.0001655668298682561,0.00031157177575140725,-0.6322548122726842
market,12,27,0.00030748125546961846,0.0005816006480692936,-0.6373699129394547
gave,5,12,0.00014191442560136238,0.0002700288723178863,-0.6433046484592692
drowning,11,25,0.00028382885120272475,0.0005400577446357726,-0.6433046484592692
animal,5,12,0.00014191442560136238,0.0002700288723178863,-0.6433046484592692
scared,5,12,0.00014191442560136238,0.0002700288723178863,-0.6433046484592692
funtenna,5,12,0.00014191442560136238,0.0002700288723178863,-0.6433046484592692
bring,5,12,0.00014191442560136238,0.0002700288723178863,-0.6433046484592692
answer,5,12,0.00014191442560136238,0.0002700288723178863,-0.6433046484592692
coming,16,36,0.0004020908725371934,0.0007685437135201379,-0.6478193288137958
not,93,204,0.0022233260010880106,0.004258147601935899,-0.6498299570941916
keep,15,34,0.0003784384682702997,0.0007270008100866169,-0.6528740994754197
internet,4,10,0.00011826202133446864,0.00022848596888436532,-0.6585721205900577
find,9,21,0.00023652404266893729,0.00045697193776873064,-0.6585721205900577
demolished,9,21,0.00023652404266893729,0.00045697193776873064,-0.6585721205900577
deep,4,10,0.00011826202133446864,0.00022848596888436532,-0.6585721205900577
match,4,10,0.00011826202133446864,0.00022848596888436532,-0.6585721205900577
destroyed,12,28,0.00030748125546961846,0.0006023720997860541,-0.6724612327507249
hand,7,17,0.00018921923413514985,0.0003738861309016887,-0.6810449764421161
anyone,7,17,0.00018921923413514985,0.0003738861309016887,-0.6810449764421161
fat,3,8,9.460961706757492e-05,0.00018694306545084436,-0.6810449764421161
son,3,8,9.460961706757492e-05,0.00018694306545084436,-0.6810449764421161
stuff,3,8,9.460961706757492e-05,0.00018694306545084436,-0.6810449764421161
money,7,17,0.00018921923413514985,0.0003738861309016887,-0.6810449764421161
gotta,3,8,9.460961706757492e-05,0.00018694306545084436,-0.6810449764421161
prevent,3,8,9.460961706757492e-05,0.00018694306545084436,-0.6810449764421161
way,26,60,0.0006386149152061307,0.0012670585547223895,-0.6851517583947696
knock,6,15,0.0001655668298682561,0.00033234322746816775,-0.6967933334102553
idea,6,15,0.0001655668298682561,0.00033234322746816775,-0.6967933334102553
hate,6,15,0.0001655668298682561,0.00033234322746816775,-0.6967933334102553
black,20,47,0.0004967004896047683,0.0009970296824045033,-0.6967933334102555
detonation,9,22,0.00023652404266893729,0.00047774338948549115,-0.7030238831608915
survive,12,29,0.00030748125546961846,0.0006231435515028145,-0.7063627844264061
well,15,36,0.0003784384682702997,0.0007685437135201379,-0.7084439506302307
back,36,85,0.000875138957875068,0.0017863448476414016,-0.7135441438350706
business,11,27,0.00028382885120272475,0.0005816006480692936,-0.717412620612991
release,5,13,0.00014191442560136238,0.0002908003240346468,-0.717412620612991
mean,8,20,0.00021287163840204358,0.0004362004860519702,-0.717412620612991
comment,5,13,0.00014191442560136238,0.0002908003240346468,-0.717412620612991
mop,5,13,0.00014191442560136238,0.0002908003240346468,-0.717412620612991
hell,8,20,0.00021287163840204358,0.0004362004860519702,-0.717412620612991
even,21,51,0.0005203528938716621,0.0010801154892715451,-0.7303160254488988
detonate,10,25,0.00026017644693583105,0.0005400577446357726,-0.7303160254488988
sport,4,11,0.00011826202133446864,0.00024925742060112583,-0.7455834975796876
dad,4,11,0.00011826202133446864,0.00024925742060112583,-0.7455834975796876
youtube,4,11,0.00011826202133446864,0.00024925742060112583,-0.7455834975796876
test,4,11,0.00011826202133446864,0.00024925742060112583,-0.7455834975796876
stay,9,23,0.00023652404266893729,0.0004985148412022517,-0.7455834975796876
direction,4,11,0.00011826202133446864,0.00024925742060112583,-0.7455834975796876
demolition,9,23,0.00023652404266893729,0.0004985148412022517,-0.7455834975796876
zone,9,23,0.00023652404266893729,0.0004985148412022517,-0.7455834975796876
guess,4,11,0.00011826202133446864,0.00024925742060112583,-0.7455834975796876
teen,4,11,0.00011826202133446864,0.00024925742060112583,-0.7455834975796876
apollo,4,11,0.00011826202133446864,0.00024925742060112583,-0.7455834975796876
come,21,52,0.0005203528938716621,0.0011008869409883056,-0.7493642204195933
heart,11,28,0.00028382885120272475,0.0006023720997860541,-0.7525039404242613
destruction,11,28,0.00028382885120272475,0.0006023720997860541,-0.7525039404242613
though,6,16,0.0001655668298682561,0.0003531146791849282,-0.7574179552266901
turn,6,16,0.0001655668298682561,0.0003531146791849282,-0.7574179552266901
course,6,16,0.0001655668298682561,0.0003531146791849282,-0.7574179552266901
change,13,33,0.0003311336597365122,0.0007062293583698564,-0.7574179552266901
miner,6,16,0.0001655668298682561,0.0003531146791849282,-0.7574179552266901
show,15,38,0.0003784384682702997,0.0008100866169536589,-0.7610876841156525
everyone,15,38,0.0003784384682702997,0.0008100866169536589,-0.7610876841156525
top,16,41,0.0004020908725371934,0.0008724009721039404,-0.7745710344529396
shape,3,9,9.460961706757492e-05,0.00020771451716760484,-0.7864054920999424
anything,7,19,0.00018921923413514985,0.0004154290343352097,-0.7864054920999424
kinda,3,9,9.460961706757492e-05,0.00020771451716760484,-0.7864054920999424
lead,5,14,0.00014191442560136238,0.00031157177575140725,-0.7864054920999424
mind,3,9,9.460961706757492e-05,0.00020771451716760484,-0.7864054920999424
sound,13,34,0.0003311336597365122,0.0007270008100866169,-0.7864054920999424
date,5,14,0.00014191442560136238,0.00031157177575140725,-0.7864054920999424
player,3,9,9.460961706757492e-05,0.00020771451716760484,-0.7864054920999424
alone,5,14,0.00014191442560136238,0.00031157177575140725,-0.7864054920999424
build,3,9,9.460961706757492e-05,0.00020771451716760484,-0.7864054920999424
wanted,5,14,0.00014191442560136238,0.00031157177575140725,-0.7864054920999424
hero,5,14,0.00014191442560136238,0.00031157177575140725,-0.7864054920999424
never,17,44,0.00042574327680408716,0.0009347153272542218,-0.7864054920999424
deluged,7,19,0.00018921923413514985,0.0004154290343352097,-0.7864054920999424
foot,5,14,0.00014191442560136238,0.00031157177575140725,-0.7864054920999424
playing,5,14,0.00014191442560136238,0.00031157177575140725,-0.7864054920999424
danger,10,27,0.00026017644693583105,0.0005816006480692936,-0.8044239976026208
hazard,10,27,0.00026017644693583105,0.0005816006480692936,-0.8044239976026208
real,10,27,0.00026017644693583105,0.0005816006480692936,-0.8044239976026208
cliff,10,27,0.00026017644693583105,0.0005816006480692936,-0.8044239976026208
out,76,195,0.0018212351285508172,0.004071204536485055,-0.804423997602621
nothing,8,22,0.00021287163840204358,0.00047774338948549115,-0.8083843988187177
thanks,8,22,0.00021287163840204358,0.00047774338948549115,-0.8083843988187177
share,6,17,0.0001655668298682561,0.0003738861309016887,-0.8145763690666388
pay,6,17,0.0001655668298682561,0.0003738861309016887,-0.8145763690666388
hollywood,6,17,0.0001655668298682561,0.0003738861309016887,-0.8145763690666388
face,13,35,0.0003311336597365122,0.0007477722618033774,-0.8145763690666388
might,6,17,0.0001655668298682561,0.0003738861309016887,-0.8145763690666388
destroy,11,30,0.00028382885120272475,0.000643915003219575,-0.8191953149229333
series,4,12,0.00011826202133446864,0.0002700288723178863,-0.8256262052532238
brother,4,12,0.00011826202133446864,0.0002700288723178863,-0.8256262052532238
best,20,54,0.0004967004896047683,0.0011424298444218267,-0.8329255077348354
get,70,185,0.0016793207029494547,0.0038634900193174502,-0.8331815568976734
going,28,75,0.0006859197237399182,0.001578630330473797,-0.8335522705256445
brown,7,20,0.00018921923413514985,0.0004362004860519702,-0.8351956562693745
catastrophe,10,28,0.00026017644693583105,0.0006023720997860541,-0.8395153174138908
annihilated,8,23,0.00021287163840204358,0.0004985148412022517,-0.8509440132375137
ignition,5,15,0.00014191442560136238,0.00033234322746816775,-0.8509440132375137
reason,8,23,0.00021287163840204358,0.0004985148412022517,-0.8509440132375137
thing,19,53,0.00047304808533787457,0.0011216583927050662,-0.8633665332360708
apocalypse,9,26,0.00023652404266893729,0.0005608291963525331,-0.8633665332360708
name,6,18,0.0001655668298682561,0.0003946575826184492,-0.8686435903369146
burned,10,29,0.00026017644693583105,0.0006231435515028145,-0.8734168690895722
episode,3,10,9.460961706757492e-05,0.00022848596888436532,-0.8817156719042673
trump,3,10,9.460961706757492e-05,0.00022848596888436532,-0.8817156719042673
tear,3,10,9.460961706757492e-05,0.00022848596888436532,-0.8817156719042673
press,3,10,9.460961706757492e-05,0.00022848596888436532,-0.8817156719042673
sun,3,10,9.460961706757492e-05,0.00022848596888436532,-0.8817156719042673
gop,3,10,9.460961706757492e-05,0.00022848596888436532,-0.8817156719042673
hasnt,3,10,9.460961706757492e-05,0.00022848596888436532,-0.8817156719042673
gonna,11,32,0.00028382885120272475,0.000685457906653096,-0.8817156719042675
week,11,32,0.00028382885120272475,0.000685457906653096,-0.8817156719042675
like,92,255,0.002199673596821117,0.005317491639490684,-0.882692711552094
work,20,57,0.0004967004896047683,0.0012047441995721082,-0.8860353330487839
dont,50,141,0.0012062726176115801,0.0029495461437799887,-0.8941161851027225
without,13,38,0.0003311336597365122,0.0008100866169536589,-0.8946190767401752
download,4,13,0.00011826202133446864,0.0002908003240346468,-0.8997341774069457
lamp,4,13,0.00011826202133446864,0.0002908003240346468,-0.8997341774069457
would,34,97,0.0008278341493412805,0.0020356022682425277,-0.8997341774069457
cover,4,13,0.00011826202133446864,0.0002908003240346468,-0.8997341774069457
siren,14,41,0.00035478606400340593,0.0008724009721039404,-0.8997341774069457
every,15,44,0.0003784384682702997,0.0009347153272542218,-0.904188527756326
loud,11,33,0.00028382885120272475,0.0007062293583698564,-0.9115686350539485
blood,11,33,0.00028382885120272475,0.0007062293583698564,-0.9115686350539485
also,11,33,0.00028382885120272475,0.0007062293583698564,-0.9115686350539485
gbbo,5,16,0.00014191442560136238,0.0003531146791849282,-0.9115686350539485
make,26,76,0.0006386149152061307,0.0015994017821905572,-0.918083316075142
maybe,6,19,0.0001655668298682561,0.0004154290343352097,-0.919936884724465
data,6,19,0.0001655668298682561,0.0004154290343352097,-0.919936884724465
got,29,85,0.0007095721280068119,0.0017863448476414016,-0.9232646748171397
making,7,22,0.00018921923413514985,0.00047774338948549115,-0.9261674344751012
already,7,22,0.00018921923413514985,0.00047774338948549115,-0.9261674344751012
whats,7,22,0.00018921923413514985,0.00047774338948549115,-0.9261674344751012
thought,9,28,0.00023652404266893729,0.0006023720997860541,-0.934825497218216
sinking,11,34,0.00028382885120272475,0.0007270008100866169,-0.9405561719272009
fan,11,34,0.00028382885120272475,0.0007270008100866169,-0.9405561719272009
smoke,12,37,0.00030748125546961846,0.0007893151652368985,-0.9427515624906365
see,28,84,0.0006859197237399182,0.0017655733959246413,-0.94547018672963
good,22,67,0.0005440052981385558,0.0014124587167397128,-0.9541282494727443
need,23,70,0.0005676577024054495,0.0014747730718899944,-0.9547408069191572
fleet,2,8,7.095721280068119e-05,0.00018694306545084436,-0.968727048893897
read,16,50,0.0004020908725371934,0.0010593440375547846,-0.968727048893897
promise,2,8,7.095721280068119e-05,0.00018694306545084436,-0.968727048893897
hat,5,17,0.00014191442560136238,0.0003738861309016887,-0.968727048893897
kick,2,8,7.095721280068119e-05,0.00018694306545084436,-0.968727048893897
lose,2,8,7.095721280068119e-05,0.00018694306545084436,-0.968727048893897
link,5,17,0.00014191442560136238,0.0003738861309016887,-0.968727048893897
seen,5,17,0.00014191442560136238,0.0003738861309016887,-0.968727048893897
desolate,5,17,0.00014191442560136238,0.0003738861309016887,-0.968727048893897
perfect,2,8,7.095721280068119e-05,0.00018694306545084436,-0.968727048893897
social,2,8,7.095721280068119e-05,0.00018694306545084436,-0.968727048893897
free,10,32,0.00026017644693583105,0.000685457906653096,-0.968727048893897
follower,2,8,7.095721280068119e-05,0.00018694306545084436,-0.968727048893897
aint,4,14,0.00011826202133446864,0.00031157177575140725,-0.968727048893897
browser,2,8,7.095721280068119e-05,0.00018694306545084436,-0.968727048893897
woke,2,8,7.095721280068119e-05,0.00018694306545084436,-0.968727048893897
chile,4,14,0.00011826202133446864,0.00031157177575140725,-0.968727048893897
miss,4,14,0.00011826202133446864,0.00031157177575140725,-0.968727048893897
drake,4,14,0.00011826202133446864,0.00031157177575140725,-0.968727048893897
wonder,4,14,0.00011826202133446864,0.00031157177575140725,-0.968727048893897
interview,2,8,7.095721280068119e-05,0.00018694306545084436,-0.968727048893897
follow,4,14,0.00011826202133446864,0.00031157177575140725,-0.968727048893897
class,5,17,0.00014191442560136238,0.0003738861309016887,-0.968727048893897
step,2,8,7.095721280068119e-05,0.00018694306545084436,-0.968727048893897
twitter,8,26,0.00021287163840204358,0.0005608291963525331,-0.968727048893897
kid,9,29,0.00023652404266893729,0.0006231435515028145,-0.968727048893897
guide,3,11,9.460961706757492e-05,0.00024925742060112583,-0.9687270488938972
yet,7,23,0.00018921923413514985,0.0004985148412022517,-0.9687270488938972
great,15,47,0.0003784384682702997,0.0009970296824045033,-0.9687270488938972
ever,13,41,0.0003311336597365122,0.0008724009721039404,-0.9687270488938972
queen,3,11,9.460961706757492e-05,0.00024925742060112583,-0.9687270488938972
wont,6,20,0.0001655668298682561,0.0004362004860519702,-0.9687270488938972
community,3,11,9.460961706757492e-05,0.00024925742060112583,-0.9687270488938972
side,6,20,0.0001655668298682561,0.0004362004860519702,-0.9687270488938972
weekend,3,11,9.460961706757492e-05,0.00024925742060112583,-0.9687270488938972
beautiful,7,23,0.00018921923413514985,0.0004985148412022517,-0.9687270488938972
new,56,171,0.0013481870432129426,0.003572689695282803,-0.9745579692046902
know,29,90,0.0007095721280068119,0.001890202106225204,-0.9797768850804821
god,15,48,0.0003784384682702997,0.0010178011341212638,-0.9893463360966328
made,10,33,0.00026017644693583105,0.0007062293583698564,-0.998580012043578
ill,9,30,0.00023652404266893729,0.000643915003219575,-1.001516871716888
start,9,30,0.00023652404266893729,0.000643915003219575,-1.001516871716888
light,9,30,0.00023652404266893729,0.000643915003219575,-1.001516871716888
pandemonium,7,24,0.00018921923413514985,0.0005192862929190121,-1.009549043414152
go,7,24,0.00018921923413514985,0.0005192862929190121,-1.009549043414152
trying,6,21,0.0001655668298682561,0.00045697193776873064,-1.0152470645287899
win,6,21,0.0001655668298682561,0.00045697193776873064,-1.0152470645287899
yes,6,21,0.0001655668298682561,0.00045697193776873064,-1.0152470645287899
avalanche,6,21,0.0001655668298682561,0.00045697193776873064,-1.0152470645287899
computer,6,21,0.0001655668298682561,0.00045697193776873064,-1.0152470645287899
girl,12,40,0.00030748125546961846,0.0008516295203871799,-1.0187374694685585
head,11,37,0.00028382885120272475,0.0007893151652368985,-1.022794270164173
pretty,5,18,0.00014191442560136238,0.0003946575826184492,-1.022794270164173
online,5,18,0.00014191442560136238,0.0003946575826184492,-1.022794270164173
someone,10,34,0.00026017644693583105,0.0007270008100866169,-1.0275675489168306
party,4,15,0.00011826202133446864,0.00033234322746816775,-1.0332655700314684
friend,9,31,0.00023652404266893729,0.0006646864549363355,-1.0332655700314684
wreck,14,47,0.00035478606400340593,0.0009970296824045033,-1.0332655700314686
cree,3,12,9.460961706757492e-05,0.0002700288723178863,-1.0487697565674334
tried,3,12,9.460961706757492e-05,0.0002700288723178863,-1.0487697565674334
sex,3,12,9.460961706757492e-05,0.0002700288723178863,-1.0487697565674334
bad,10,35,0.00026017644693583105,0.0007477722618033774,-1.0557384258835267
wait,6,22,0.0001655668298682561,0.00047774338948549115,-1.0596988270996237
really,16,55,0.0004020908725371934,0.0011632012961385872,-1.0622531069047207
eye,9,32,0.00023652404266893729,0.000685457906653096,-1.064037228698222
phone,9,32,0.00023652404266893729,0.000685457906653096,-1.064037228698222
amazon,2,9,7.095721280068119e-05,0.00020771451716760484,-1.0740875645517234
round,2,9,7.095721280068119e-05,0.00020771451716760484,-1.0740875645517234
low,5,19,0.00014191442560136238,0.0004154290343352097,-1.0740875645517234
brought,2,9,7.095721280068119e-05,0.00020771451716760484,-1.0740875645517234
emmerdale,2,9,7.095721280068119e-05,0.00020771451716760484,-1.0740875645517234
reading,2,9,7.095721280068119e-05,0.00020771451716760484,-1.0740875645517234
selfimage,2,9,7.095721280068119e-05,0.00020771451716760484,-1.0740875645517234
football,2,9,7.095721280068119e-05,0.00020771451716760484,-1.0740875645517234
ask,2,9,7.095721280068119e-05,0.00020771451716760484,-1.0740875645517234
common,2,9,7.095721280068119e-05,0.00020771451716760484,-1.0740875645517234
battle,8,29,0.00021287163840204358,0.0006231435515028145,-1.0740875645517234
ross,2,9,7.095721280068119e-05,0.00020771451716760484,-1.0740875645517234
loved,2,9,7.095721280068119e-05,0.00020771451716760484,-1.0740875645517234
yall,2,9,7.095721280068119e-05,0.00020771451716760484,-1.0740875645517234
quarantine,8,29,0.00021287163840204358,0.0006231435515028145,-1.0740875645517234
think,20,69,0.0004967004896047683,0.0014540016201732339,-1.0740875645517236
always,10,36,0.00026017644693583105,0.0007685437135201379,-1.0831374000716412
body,34,117,0.0008278341493412805,0.002451031302577737,-1.0854513232020384
radio,4,16,0.00011826202133446864,0.0003531146791849282,-1.0938901918479031
listen,4,16,0.00011826202133446864,0.0003531146791849282,-1.0938901918479031
haha,4,16,0.00011826202133446864,0.0003531146791849282,-1.0938901918479031
hellfire,6,23,0.0001655668298682561,0.0004985148412022517,-1.1022584415184198
sunk,8,30,0.00021287163840204358,0.000643915003219575,-1.1068773873747142
guy,10,37,0.00026017644693583105,0.0007893151652368985,-1.1098056471538027
thinking,3,13,9.460961706757492e-05,0.0002908003240346468,-1.1228777287211555
biggest,3,13,9.460961706757492e-05,0.0002908003240346468,-1.1228777287211555
bed,3,13,9.460961706757492e-05,0.0002908003240346468,-1.1228777287211555
neighbour,3,13,9.460961706757492e-05,0.0002908003240346468,-1.1228777287211555
upon,3,13,9.460961706757492e-05,0.0002908003240346468,-1.1228777287211555
lot,9,34,0.00023652404266893729,0.0007270008100866169,-1.1228777287211555
night,11,41,0.00028382885120272475,0.0008724009721039404,-1.1228777287211555
tweet,5,20,0.00014191442560136238,0.0004362004860519702,-1.1228777287211555
unconfirmed,3,13,9.460961706757492e-05,0.0002908003240346468,-1.1228777287211555
stand,5,20,0.00014191442560136238,0.0004362004860519702,-1.1228777287211555
blue,4,17,0.00011826202133446864,0.0003738861309016887,-1.1510486056878517
bang,7,28,0.00018921923413514985,0.0006023720997860541,-1.1579690485324254
rather,2,10,7.095721280068119e-05,0.00022848596888436532,-1.1693977443560482
gay,2,10,7.095721280068119e-05,0.00022848596888436532,-1.1693977443560482
petition,2,10,7.095721280068119e-05,0.00022848596888436532,-1.1693977443560482
youll,2,10,7.095721280068119e-05,0.00022848596888436532,-1.1693977443560482
hold,2,10,7.095721280068119e-05,0.00022848596888436532,-1.1693977443560482
tablet,2,10,7.095721280068119e-05,0.00022848596888436532,-1.1693977443560482
future,2,10,7.095721280068119e-05,0.00022848596888436532,-1.1693977443560482
wish,2,10,7.095721280068119e-05,0.00022848596888436532,-1.1693977443560482
michael,2,10,7.095721280068119e-05,0.00022848596888436532,-1.1693977443560482
paul,2,10,7.095721280068119e-05,0.00022848596888436532,-1.1693977443560482
together,2,10,7.095721280068119e-05,0.00022848596888436532,-1.1693977443560482
star,5,21,0.00014191442560136238,0.00045697193776873064,-1.1693977443560482
feat,2,10,7.095721280068119e-05,0.00022848596888436532,-1.1693977443560482
much,13,51,0.0003311336597365122,0.0010801154892715451,-1.1823011491919562
sure,6,25,0.0001655668298682561,0.0005400577446357726,-1.1823011491919562
game,10,40,0.00026017644693583105,0.0008516295203871799,-1.1857915541317245
cant,21,81,0.0005203528938716621,0.0017032590407743597,-1.1857915541317245
added,3,14,9.460961706757492e-05,0.00031157177575140725,-1.1918706002081068
okay,4,18,0.00011826202133446864,0.0003946575826184492,-1.2051158269581275
try,4,18,0.00011826202133446864,0.0003946575826184492,-1.2051158269581275
feeling,5,22,0.00014191442560136238,0.00047774338948549115,-1.2138495069268822
bar,5,22,0.00014191442560136238,0.00047774338948549115,-1.2138495069268822
thank,6,26,0.0001655668298682561,0.0005608291963525331,-1.2200414771748032
stock,7,30,0.00018921923413514985,0.000643915003219575,-1.2246604230310978
version,2,11,7.095721280068119e-05,0.00024925742060112583,-1.256409121345678
trust,3,15,9.460961706757492e-05,0.00033234322746816775,-1.256409121345678
block,2,11,7.095721280068119e-05,0.00024925742060112583,-1.256409121345678
havent,2,11,7.095721280068119e-05,0.00024925742060112583,-1.256409121345678
mom,4,19,0.00011826202133446864,0.0004154290343352097,-1.256409121345678
word,7,31,0.00018921923413514985,0.0006646864549363355,-1.256409121345678
meltdown,6,27,0.0001655668298682561,0.0005816006480692936,-1.256409121345678
everything,4,19,0.00011826202133446864,0.0004154290343352097,-1.256409121345678
absolutely,2,11,7.095721280068119e-05,0.00024925742060112583,-1.256409121345678
put,7,31,0.00018921923413514985,0.0006646864549363355,-1.256409121345678
glass,2,11,7.095721280068119e-05,0.00024925742060112583,-1.256409121345678
sometimes,2,11,7.095721280068119e-05,0.00024925742060112583,-1.256409121345678
funny,2,11,7.095721280068119e-05,0.00024925742060112583,-1.256409121345678
desolation,6,28,0.0001655668298682561,0.0006023720997860541,-1.2915004411569482
blown,6,28,0.0001655668298682561,0.0006023720997860541,-1.2915004411569482
upheaval,5,24,0.00014191442560136238,0.0005192862929190121,-1.297231115865933
policy,5,24,0.00014191442560136238,0.0005192862929190121,-1.297231115865933
nigga,5,24,0.00014191442560136238,0.0005192862929190121,-1.297231115865933
spot,4,20,0.00011826202133446864,0.0004362004860519702,-1.3051992855151102
pick,4,20,0.00011826202133446864,0.0004362004860519702,-1.3051992855151102
looking,3,16,9.460961706757492e-05,0.0003531146791849282,-1.3170337431621129
appears,3,16,9.460961706757492e-05,0.0003531146791849282,-1.3170337431621129
fuck,7,33,0.00018921923413514985,0.0007062293583698564,-1.3170337431621129
blizzard,3,16,9.460961706757492e-05,0.0003531146791849282,-1.3170337431621129
scream,6,29,0.0001655668298682561,0.0006231435515028145,-1.3254019928326295
inundated,6,29,0.0001655668298682561,0.0006231435515028145,-1.3254019928326295
as,9,42,0.00023652404266893729,0.0008931724238207008,-1.328729782925304
offroad,2,12,7.095721280068119e-05,0.0002700288723178863,-1.3364518290192144
check,8,39,0.00021287163840204358,0.0008308580686704194,-1.3617696370035044
meek,3,17,9.460961706757492e-05,0.0003738861309016887,-1.3741921570020614
sorry,3,17,9.460961706757492e-05,0.0003738861309016887,-1.3741921570020614
lord,3,17,9.460961706757492e-05,0.0003738861309016887,-1.3741921570020614
favorite,3,17,9.460961706757492e-05,0.0003738861309016887,-1.3741921570020614
deluge,6,31,0.0001655668298682561,0.0006646864549363355,-1.3899405139702006
ive,7,36,0.00018921923413514985,0.0007685437135201379,-1.4015911311901759
playlist,2,13,7.095721280068119e-05,0.0002908003240346468,-1.4105598011729363
beat,2,13,7.095721280068119e-05,0.0002908003240346468,-1.4105598011729363
feel,11,55,0.00028382885120272475,0.0011632012961385872,-1.4105598011729363
super,2,13,7.095721280068119e-05,0.0002908003240346468,-1.4105598011729363
demolish,5,27,0.00014191442560136238,0.0005816006480692936,-1.4105598011729363
door,2,13,7.095721280068119e-05,0.0002908003240346468,-1.4105598011729363
twister,6,32,0.0001655668298682561,0.000685457906653096,-1.4207121726369545
liked,7,37,0.00018921923413514985,0.0007893151652368985,-1.4282593782723374
bloody,7,37,0.00018921923413514985,0.0007893151652368985,-1.4282593782723374
banned,3,18,9.460961706757492e-05,0.0003946575826184492,-1.4282593782723374
womens,3,18,9.460961706757492e-05,0.0003946575826184492,-1.4282593782723374
flattened,5,28,0.00014191442560136238,0.0006023720997860541,-1.4456511209842067
lady,5,28,0.00014191442560136238,0.0006023720997860541,-1.4456511209842067
reddit,7,38,0.00018921923413514985,0.0008100866169536589,-1.4542348646755978
content,9,48,0.00023652404266893729,0.0010178011341212638,-1.4593499653423685
apply,1,9,4.730480853378746e-05,0.00020771451716760484,-1.4795526726598878
tired,1,9,4.730480853378746e-05,0.00020771451716760484,-1.4795526726598878
quote,1,9,4.730480853378746e-05,0.00020771451716760484,-1.4795526726598878
trouble,5,29,0.00014191442560136238,0.0006231435515028145,-1.4795526726598878
likely,2,14,7.095721280068119e-05,0.00031157177575140725,-1.4795526726598878
lava,5,29,0.00014191442560136238,0.0006231435515028145,-1.4795526726598878
brain,1,9,4.730480853378746e-05,0.00020771451716760484,-1.4795526726598878
hobo,1,9,4.730480853378746e-05,0.00020771451716760484,-1.4795526726598878
sleeping,1,9,4.730480853378746e-05,0.00020771451716760484,-1.4795526726598878
space,3,19,9.460961706757492e-05,0.0004154290343352097,-1.4795526726598878
seeing,2,14,7.095721280068119e-05,0.00031157177575140725,-1.4795526726598878
grill,1,9,4.730480853378746e-05,0.00020771451716760484,-1.4795526726598878
earth,2,14,7.095721280068119e-05,0.00031157177575140725,-1.4795526726598878
feminist,1,9,4.730480853378746e-05,0.00020771451716760484,-1.4795526726598878
drown,5,29,0.00014191442560136238,0.0006231435515028145,-1.4795526726598878
either,1,9,4.730480853378746e-05,0.00020771451716760484,-1.4795526726598878
combo,1,9,4.730480853378746e-05,0.00020771451716760484,-1.4795526726598878
sit,1,9,4.730480853378746e-05,0.00020771451716760484,-1.4795526726598878
colour,1,9,4.730480853378746e-05,0.00020771451716760484,-1.4795526726598878
desire,2,14,7.095721280068119e-05,0.00031157177575140725,-1.4795526726598878
bleeding,5,30,0.00014191442560136238,0.000643915003219575,-1.5123424954828786
wanna,5,30,0.00014191442560136238,0.000643915003219575,-1.5123424954828786
long,5,30,0.00014191442560136238,0.000643915003219575,-1.5123424954828786
fun,4,25,0.00011826202133446864,0.0005400577446357726,-1.5187733858131691
offensive,4,25,0.00011826202133446864,0.0005400577446357726,-1.5187733858131691
ball,3,20,9.460961706757492e-05,0.0004362004860519702,-1.5283428368293197
probably,3,20,9.460961706757492e-05,0.0004362004860519702,-1.5283428368293197
led,2,15,7.095721280068119e-05,0.00033234322746816775,-1.544091193797459
subreddits,2,15,7.095721280068119e-05,0.00033234322746816775,-1.544091193797459
obliteration,4,26,0.00011826202133446864,0.0005608291963525331,-1.556513713796016
obliterate,4,26,0.00011826202133446864,0.0005608291963525331,-1.556513713796016
screaming,6,37,0.0001655668298682561,0.0007893151652368985,-1.56179077089686
want,14,81,0.00035478606400340593,0.0017032590407743597,-1.5687838063878305
pile,1,10,4.730480853378746e-05,0.00022848596888436532,-1.5748628524642125
straight,1,10,4.730480853378746e-05,0.00022848596888436532,-1.5748628524642125
bear,1,10,4.730480853378746e-05,0.00022848596888436532,-1.5748628524642125
emotional,1,10,4.730480853378746e-05,0.00022848596888436532,-1.5748628524642125
birthday,1,10,4.730480853378746e-05,0.00022848596888436532,-1.5748628524642125
beyond,1,10,4.730480853378746e-05,0.00022848596888436532,-1.5748628524642125
stage,1,10,4.730480853378746e-05,0.00022848596888436532,-1.5748628524642125
secret,3,21,9.460961706757492e-05,0.00045697193776873064,-1.5748628524642125
hey,3,21,9.460961706757492e-05,0.00045697193776873064,-1.5748628524642125
curfew,5,32,0.00014191442560136238,0.000685457906653096,-1.5748628524642128
he,6,38,0.0001655668298682561,0.0008100866169536589,-1.5877662573001206
crushed,4,27,0.00011826202133446864,0.0005816006480692936,-1.592881357966891
bagging,4,27,0.00011826202133446864,0.0005816006480692936,-1.592881357966891
obliterated,4,27,0.00011826202133446864,0.0005816006480692936,-1.592881357966891
king,2,16,7.095721280068119e-05,0.0003531146791849282,-1.6047158156138936
reddits,2,16,7.095721280068119e-05,0.0003531146791849282,-1.6047158156138936
quiz,2,16,7.095721280068119e-05,0.0003531146791849282,-1.6047158156138936
art,2,16,7.095721280068119e-05,0.0003531146791849282,-1.6047158156138936
cry,2,16,7.095721280068119e-05,0.0003531146791849282,-1.6047158156138936
soon,4,28,0.00011826202133446864,0.0006023720997860541,-1.6279726777781611
let,14,86,0.00035478606400340593,0.001807116299358162,-1.6279726777781611
job,6,40,0.0001655668298682561,0.0008516295203871799,-1.637776677874782
fucking,6,40,0.0001655668298682561,0.0008516295203871799,-1.637776677874782
youre,9,58,0.00023652404266893729,0.0012255156512888685,-1.6450671111374613
republican,1,11,4.730480853378746e-05,0.00024925742060112583,-1.6618742294538424
smaug,1,11,4.730480853378746e-05,0.00024925742060112583,-1.6618742294538424
collide,4,29,0.00011826202133446864,0.0006231435515028145,-1.6618742294538424
book,4,29,0.00011826202133446864,0.0006231435515028145,-1.6618742294538424
hurt,1,11,4.730480853378746e-05,0.00024925742060112583,-1.6618742294538424
pack,1,11,4.730480853378746e-05,0.00024925742060112583,-1.6618742294538424
purse,1,11,4.730480853378746e-05,0.00024925742060112583,-1.6618742294538424
soul,2,17,7.095721280068119e-05,0.0003738861309016887,-1.6618742294538424
panic,5,36,0.00014191442560136238,0.0007685437135201379,-1.6892732036419569
lol,9,61,0.00023652404266893729,0.00128783000643915,-1.6946640522768335
cross,6,44,0.0001655668298682561,0.0009347153272542218,-1.7308671009407939
buy,1,12,4.730480853378746e-05,0.0002700288723178863,-1.7419169371273788
technology,1,12,4.730480853378746e-05,0.0002700288723178863,-1.7419169371273788
text,1,12,4.730480853378746e-05,0.0002700288723178863,-1.7419169371273788
faux,1,12,4.730480853378746e-05,0.0002700288723178863,-1.7419169371273788
dream,1,12,4.730480853378746e-05,0.0002700288723178863,-1.7419169371273788
join,1,12,4.730480853378746e-05,0.0002700288723178863,-1.7419169371273788
saying,1,12,4.730480853378746e-05,0.0002700288723178863,-1.7419169371273788
hair,1,12,4.730480853378746e-05,0.0002700288723178863,-1.7419169371273788
nice,1,12,4.730480853378746e-05,0.0002700288723178863,-1.7419169371273788
broke,1,12,4.730480853378746e-05,0.0002700288723178863,-1.7419169371273788
screamed,4,32,0.00011826202133446864,0.000685457906653096,-1.7571844092581674
crush,4,32,0.00011826202133446864,0.000685457906653096,-1.7571844092581674
armageddon,4,32,0.00011826202133446864,0.000685457906653096,-1.7571844092581674
self,2,19,7.095721280068119e-05,0.0004154290343352097,-1.7672347451116688
stretcher,2,19,7.095721280068119e-05,0.0004154290343352097,-1.7672347451116688
wrong,2,19,7.095721280068119e-05,0.0004154290343352097,-1.7672347451116688
music,3,26,9.460961706757492e-05,0.0005608291963525331,-1.7796572651102258
shes,2,20,7.095721280068119e-05,0.0004362004860519702,-1.8160249092811007
cable,1,13,4.730480853378746e-05,0.0002908003240346468,-1.8160249092811007
wedding,1,13,4.730480853378746e-05,0.0002908003240346468,-1.8160249092811007
arent,1,13,4.730480853378746e-05,0.0002908003240346468,-1.8160249092811007
harm,4,35,0.00011826202133446864,0.0007477722618033774,-1.8441957862477971
happy,2,21,7.095721280068119e-05,0.00045697193776873064,-1.8625449249159935
finally,2,21,7.095721280068119e-05,0.00045697193776873064,-1.8625449249159935
album,1,14,4.730480853378746e-05,0.00031157177575140725,-1.8850177807680522
drink,1,14,4.730480853378746e-05,0.00031157177575140725,-1.8850177807680522
full,10,82,0.00026017644693583105,0.0017240304924911202,-1.8910600952240146
explode,4,37,0.00011826202133446864,0.0007893151652368985,-1.8982630075180729
shoulder,3,30,9.460961706757492e-05,0.000643915003219575,-1.917807603591043
awesome,1,15,4.730480853378746e-05,0.00033234322746816775,-1.9495563019056235
blight,2,23,7.095721280068119e-05,0.0004985148412022517,-1.9495563019056235
mode,1,15,4.730480853378746e-05,0.00033234322746816775,-1.9495563019056235
love,11,95,0.00028382885120272475,0.0019940593648090066,-1.9495563019056235
fashion,1,15,4.730480853378746e-05,0.00033234322746816775,-1.9495563019056235
dance,1,15,4.730480853378746e-05,0.00033234322746816775,-1.9495563019056235
traumatised,3,32,9.460961706757492e-05,0.000685457906653096,-1.9803279605723771
nowplaying,2,24,7.095721280068119e-05,0.0005192862929190121,-1.9903782964258783
tote,1,16,4.730480853378746e-05,0.0003531146791849282,-2.010180923722058
ancient,1,16,4.730480853378746e-05,0.0003531146791849282,-2.010180923722058
hiring,1,16,4.730480853378746e-05,0.0003531146791849282,-2.010180923722058
cat,1,16,4.730480853378746e-05,0.0003531146791849282,-2.010180923722058
better,3,33,9.460961706757492e-05,0.0007062293583698564,-2.010180923722058
ice,1,17,4.730480853378746e-05,0.0003738861309016887,-2.067339337562007
wrecked,3,36,9.460961706757492e-05,0.0007685437135201379,-2.0947383117501213
play,2,27,7.095721280068119e-05,0.0005816006480692936,-2.1037069817328815
blazing,2,28,7.095721280068119e-05,0.0006023720997860541,-2.138798301544152
aftershock,1,19,4.730480853378746e-05,0.0004154290343352097,-2.172699853219833
mayhem,1,19,4.730480853378746e-05,0.0004154290343352097,-2.172699853219833
panicking,2,31,7.095721280068119e-05,0.0006646864549363355,-2.2372383743574042
choice,0,10,2.365240426689373e-05,0.00022848596888436532,-2.268010033024158
blew,2,32,7.095721280068119e-05,0.000685457906653096,-2.268010033024158
leather,1,21,4.730480853378746e-05,0.00045697193776873064,-2.268010033024158
pop,0,10,2.365240426689373e-05,0.00022848596888436532,-2.268010033024158
song,2,32,7.095721280068119e-05,0.000685457906653096,-2.268010033024158
jeb,0,10,2.365240426689373e-05,0.00022848596888436532,-2.268010033024158
welcome,0,10,2.365240426689373e-05,0.00022848596888436532,-2.268010033024158
shall,0,10,2.365240426689373e-05,0.00022848596888436532,-2.268010033024158
cake,1,22,4.730480853378746e-05,0.00047774338948549115,-2.3124617955949915
ticket,0,11,2.365240426689373e-05,0.00024925742060112583,-2.3550214100137876
complete,0,11,2.365240426689373e-05,0.00024925742060112583,-2.3550214100137876
lucky,0,11,2.365240426689373e-05,0.00024925742060112583,-2.3550214100137876
edm,0,11,2.365240426689373e-05,0.00024925742060112583,-2.3550214100137876
handbag,1,24,4.730480853378746e-05,0.0005192862929190121,-2.395843404534043
louis,0,12,2.365240426689373e-05,0.0002700288723178863,-2.435064117687324
electrocute,1,27,4.730480853378746e-05,0.0005816006480692936,-2.509172089841046
character,0,14,2.365240426689373e-05,0.00031157177575140725,-2.5781649613279973
ebay,1,29,4.730480853378746e-05,0.0006231435515028145,-2.5781649613279973
career,0,15,2.365240426689373e-05,0.00033234322746816775,-2.642703482465569
bitch,0,15,2.365240426689373e-05,0.00033234322746816775,-2.642703482465569
disney,0,16,2.365240426689373e-05,0.0003531146791849282,-2.7033281042820034
lmao,0,16,2.365240426689373e-05,0.0003531146791849282,-2.7033281042820034
ruin,1,39,4.730480853378746e-05,0.0008308580686704194,-2.865847033779778
bag,2,83,7.095721280068119e-05,0.0017448019442078808,-3.2023192704009915
